sale_id,sale_date,client_name,product_name,category,region,sales_channel,sales_rep,quantity,unit_price,unit_cost,gross_revenue,discount_pct,discount_amount,net_revenue,total_cost,gross_profit,margin_pct
1,2024-11-23,Urban Mobility,DataBoard Pro,Software,Spain,Online,Lucas Bernard,3,1257.12,671.98,3771.36,10.0,377.14,3394.22,2015.94,1378.28,40.61
2,2024-10-06,Mediscope,Analytics Training,Service,France,Online,Alice Martin,2,1800.0,918.39,3600.0,0,0.0,3600.0,1836.78,1763.22,48.98
3,2024-01-14,Mercury Works,Smart Sensor X,Hardware,UK,Retail,Lucas Bernard,8,445.2,250.56,3561.6,7.0,249.31,3312.29,2004.48,1307.81,39.48
4,2024-01-04,Atlas Finance,Analytics Training,Service,Spain,Retail,Lucas Bernard,2,1746.0,906.23,3492.0,12.0,419.04,3072.96,1812.46,1260.5,41.02
5,2024-02-17,Optimum Labs,Insight Cloud,Software,Spain,Retail,Chloe Moreau,5,873.0,511.41,4365.0,12.0,523.8,3841.2,2557.05,1284.15,33.43
6,2024-08-23,Mercury Works,Insight Cloud,Software,Italy,Online,Chloe Moreau,5,846.72,535.75,4233.6,12.0,508.03,3725.57,2678.75,1046.82,28.1
7,2024-07-04,Delta Supply,Smart Sensor X,Hardware,France,Online,Leo Garnier,4,403.2,250.79,1612.8,12.0,193.54,1419.26,1003.16,416.1,29.32
8,2024-02-10,AeroParts,Insight Cloud,Software,Italy,Retail,Hugo Petit,11,882.0,524.78,9702.0,12.0,1164.24,8537.76,5772.58,2765.18,32.39
9,2024-07-08,Hexa Group,Smart Sensor X,Hardware,Spain,B2B,Leo Garnier,11,391.1,257.18,4302.1,0,0.0,4302.1,2828.98,1473.12,34.24
10,2024-03-28,Mercury Works,Smart Sensor X,Hardware,Germany,Retail,Hugo Petit,5,436.8,258.76,2184.0,10.0,218.4,1965.6,1293.8,671.8,34.18
11,2024-04-22,Blue Horizon,DataBoard Pro,Software,Germany,Online,Emma Dubois,7,1248.0,670.0,8736.0,3.0,262.08,8473.92,4690.0,3783.92,44.65
12,2024-10-17,Blue Horizon,Smart Sensor X,Hardware,Italy,Retail,Leo Garnier,8,411.6,250.3,3292.8,0,0.0,3292.8,2002.4,1290.4,39.19
13,2024-05-06,Mercury Works,Smart Sensor Mini,Hardware,UK,Retail,Chloe Moreau,7,275.6,149.63,1929.2,3.0,57.88,1871.32,1047.41,823.91,44.03
14,2024-03-11,Luna Tech,Implementation Pack,Service,France,Online,Alice Martin,2,2500.0,1389.92,5000.0,10.0,500.0,4500.0,2779.84,1720.16,38.23
15,2024-12-14,Core Systems,Insight Cloud,Software,Italy,Retail,Chloe Moreau,8,952.56,520.06,7620.48,7.0,533.43,7087.05,4160.48,2926.57,41.29
16,2024-10-10,Nova Retail,Insight Cloud,Software,UK,Retail,Leo Garnier,6,954.0,521.81,5724.0,0,0.0,5724.0,3130.86,2593.14,45.3
17,2024-03-21,Nexa Industries,DataBoard Pro,Software,Spain,B2B,Lucas Bernard,9,1164.0,713.76,10476.0,0,0.0,10476.0,6423.84,4052.16,38.68
18,2024-06-01,Luna Tech,Smart Sensor X,Hardware,Germany,Retail,Lucas Bernard,9,436.8,263.45,3931.2,12.0,471.74,3459.46,2371.05,1088.41,31.46
19,2024-01-01,Vision Partners,Edge Gateway,Hardware,Italy,Online,Alice Martin,6,764.4,480.49,4586.4,12.0,550.37,4036.03,2882.94,1153.09,28.57
20,2024-05-02,TransLog Europe,Smart Sensor X,Hardware,UK,Online,Alice Martin,12,445.2,261.32,5342.4,5.0,267.12,5075.28,3135.84,1939.44,38.21
21,2024-09-29,Green Energy Co,Vision BI Suite,Software,Italy,B2B,Lucas Bernard,5,1470.0,965.81,7350.0,7.0,514.5,6835.5,4829.05,2006.45,29.35
22,2024-08-04,CityCommerce,Smart Sensor X,Hardware,Spain,Retail,Leo Garnier,11,391.1,253.76,4302.1,3.0,129.06,4173.04,2791.36,1381.68,33.11
23,2024-09-21,Nexa Industries,Insight Cloud,Software,Germany,Online,Alice Martin,6,936.0,534.07,5616.0,0,0.0,5616.0,3204.42,2411.58,42.94
24,2024-04-27,Delta Supply,Smart Sensor X,Hardware,France,Online,Leo Garnier,11,420.0,249.58,4620.0,0,0.0,4620.0,2745.38,1874.62,40.58
25,2024-01-17,Blue Horizon,Insight Cloud,Software,UK,Online,Emma Dubois,11,954.0,518.51,10494.0,5.0,524.7,9969.3,5703.61,4265.69,42.79
26,2024-03-08,Delta Supply,Implementation Pack,Service,Germany,Retail,Hugo Petit,2,2600.0,1382.86,5200.0,0,0.0,5200.0,2765.72,2434.28,46.81
27,2024-08-08,Hexa Group,Analytics Training,Service,Italy,Retail,Leo Garnier,1,1693.44,929.05,1693.44,10.0,169.34,1524.1,929.05,595.05,39.04
28,2024-11-26,Urban Mobility,DataBoard Pro,Software,Italy,B2B,Emma Dubois,2,1270.08,676.82,2540.16,0,0.0,2540.16,1353.64,1186.52,46.71
29,2024-10-01,Nexa Industries,Vision BI Suite,Software,Italy,Online,Emma Dubois,8,1470.0,965.96,11760.0,0,0.0,11760.0,7727.68,4032.32,34.29
30,2024-02-08,Nexa Industries,Insight Cloud,Software,France,B2B,Chloe Moreau,1,900.0,548.14,900.0,0,0.0,900.0,548.14,351.86,39.1
31,2024-05-01,Atlas Finance,Analytics Training,Service,Italy,Retail,Lucas Bernard,4,1764.0,893.85,7056.0,0,0.0,7056.0,3575.4,3480.6,49.33
32,2024-01-02,Optimum Labs,Smart Sensor Mini,Hardware,Italy,Retail,Hugo Petit,12,254.8,158.95,3057.6,10.0,305.76,2751.84,1907.4,844.44,30.69
33,2024-10-11,Prime Services,Vision BI Suite,Software,Germany,Retail,Lucas Bernard,1,1560.0,955.75,1560.0,7.0,109.2,1450.8,955.75,495.05,34.12
34,2024-02-01,Blue Horizon,DataBoard Pro,Software,France,B2B,Hugo Petit,9,1200.0,695.29,10800.0,12.0,1296.0,9504.0,6257.61,3246.39,34.16
35,2024-01-30,Luna Tech,Insight Cloud,Software,Germany,Online,Chloe Moreau,2,936.0,545.45,1872.0,10.0,187.2,1684.8,1090.9,593.9,35.25
36,2024-07-25,Urban Mobility,Smart Sensor X,Hardware,UK,B2B,Alice Martin,10,427.39,253.38,4273.9,0,0.0,4273.9,2533.8,1740.1,40.71
37,2024-10-25,Delta Supply,Edge Gateway,Hardware,Spain,Online,Leo Garnier,12,756.6,459.58,9079.2,3.0,272.38,8806.82,5514.96,3291.86,37.38
38,2024-07-21,Green Energy Co,Smart Sensor Mini,Hardware,Italy,Retail,Alice Martin,1,244.61,154.45,244.61,5.0,12.23,232.38,154.45,77.93,33.54
39,2024-10-15,Urban Mobility,Insight Cloud,Software,UK,Online,Chloe Moreau,5,954.0,548.42,4770.0,0,0.0,4770.0,2742.1,2027.9,42.51
40,2024-02-05,AeroParts,Edge Gateway,Hardware,Spain,Online,Hugo Petit,9,756.6,461.93,6809.4,10.0,680.94,6128.46,4157.37,1971.09,32.16
41,2024-11-30,Luna Tech,DataBoard Pro,Software,UK,Retail,Leo Garnier,2,1373.76,680.79,2747.52,0,0.0,2747.52,1361.58,1385.94,50.44
42,2024-02-24,Mercury Works,Vision BI Suite,Software,Spain,Retail,Chloe Moreau,4,1455.0,926.84,5820.0,10.0,582.0,5238.0,3707.36,1530.64,29.22
43,2024-12-17,BuildSmart,Implementation Pack,Service,Spain,Online,Alice Martin,4,2619.0,1402.99,10476.0,12.0,1257.12,9218.88,5611.96,3606.92,39.13
44,2024-01-02,Blue Horizon,Vision BI Suite,Software,Spain,Online,Leo Garnier,8,1455.0,953.54,11640.0,7.0,814.8,10825.2,7628.32,3196.88,29.53
45,2024-10-14,Nova Retail,Insight Cloud,Software,France,B2B,Lucas Bernard,9,900.0,544.32,8100.0,0,0.0,8100.0,4898.88,3201.12,39.52
46,2024-10-25,Mercury Works,Vision BI Suite,Software,Italy,Online,Alice Martin,5,1470.0,967.77,7350.0,3.0,220.5,7129.5,4838.85,2290.65,32.13
47,2024-01-21,Hexa Group,Smart Sensor X,Hardware,Germany,B2B,Alice Martin,6,436.8,256.2,2620.8,12.0,314.5,2306.3,1537.2,769.1,33.35
48,2024-07-27,Vision Partners,Vision BI Suite,Software,Germany,Online,Lucas Bernard,7,1497.6,914.8,10483.2,0,0.0,10483.2,6403.6,4079.6,38.92
49,2024-06-19,Core Systems,Smart Sensor X,Hardware,Spain,Online,Leo Garnier,2,407.4,262.44,814.8,5.0,40.74,774.06,524.88,249.18,32.19
50,2024-08-28,AeroParts,Smart Sensor X,Hardware,Italy,Retail,Emma Dubois,4,395.14,245.47,1580.56,0,0.0,1580.56,981.88,598.68,37.88
51,2024-04-08,Optimum Labs,Edge Gateway,Hardware,Spain,Online,Emma Dubois,6,756.6,469.55,4539.6,10.0,453.96,4085.64,2817.3,1268.34,31.04
52,2024-12-13,Mercury Works,Edge Gateway,Hardware,France,Online,Emma Dubois,3,842.4,486.22,2527.2,7.0,176.9,2350.3,1458.66,891.64,37.94
53,2024-05-15,TransLog Europe,Insight Cloud,Software,UK,Retail,Emma Dubois,12,954.0,522.65,11448.0,12.0,1373.76,10074.24,6271.8,3802.44,37.74
54,2024-11-06,Luna Tech,Insight Cloud,Software,Italy,B2B,Lucas Bernard,5,952.56,539.09,4762.8,0,0.0,4762.8,2695.45,2067.35,43.41
55,2024-01-01,Luna Tech,Smart Sensor X,Hardware,Spain,Retail,Alice Martin,11,407.4,257.46,4481.4,3.0,134.44,4346.96,2832.06,1514.9,34.85
56,2024-12-05,Urban Mobility,Smart Sensor Mini,Hardware,UK,Retail,Leo Garnier,7,297.65,151.83,2083.55,3.0,62.51,2021.04,1062.81,958.23,47.41
57,2024-05-31,Mercury Works,Vision BI Suite,Software,Germany,Retail,Leo Garnier,7,1560.0,956.66,10920.0,10.0,1092.0,9828.0,6696.62,3131.38,31.86
58,2024-03-30,Vision Partners,Smart Sensor Mini,Hardware,Italy,B2B,Alice Martin,5,254.8,149.52,1274.0,3.0,38.22,1235.78,747.6,488.18,39.5
59,2024-10-23,Vision Partners,Edge Gateway,Hardware,Italy,Retail,Hugo Petit,11,764.4,469.61,8408.4,0,0.0,8408.4,5165.71,3242.69,38.56
60,2024-03-27,Mediscope,Smart Sensor Mini,Hardware,UK,B2B,Leo Garnier,10,275.6,148.12,2756.0,3.0,82.68,2673.32,1481.2,1192.12,44.59
61,2024-04-30,FoodWave,Smart Sensor X,Hardware,Germany,Online,Alice Martin,1,436.8,264.68,436.8,0,0.0,436.8,264.68,172.12,39.4
62,2024-11-08,Mediscope,Implementation Pack,Service,Italy,B2B,Chloe Moreau,2,2646.0,1449.99,5292.0,10.0,529.2,4762.8,2899.98,1862.82,39.11
63,2024-09-10,Optimum Labs,Smart Sensor X,Hardware,Germany,B2B,Leo Garnier,1,436.8,262.21,436.8,12.0,52.42,384.38,262.21,122.17,31.78
64,2024-02-24,Core Systems,Smart Sensor X,Hardware,Germany,B2B,Chloe Moreau,8,436.8,256.15,3494.4,0,0.0,3494.4,2049.2,1445.2,41.36
65,2024-03-03,Nexa Industries,Vision BI Suite,Software,Italy,B2B,Chloe Moreau,9,1470.0,924.95,13230.0,7.0,926.1,12303.9,8324.55,3979.35,32.34
66,2024-08-14,Vision Partners,Analytics Training,Service,UK,Retail,Lucas Bernard,4,1831.68,900.66,7326.72,5.0,366.34,6960.38,3602.64,3357.74,48.24
67,2024-05-06,BuildSmart,Implementation Pack,Service,Germany,Retail,Hugo Petit,1,2600.0,1404.0,2600.0,10.0,260.0,2340.0,1404.0,936.0,40.0
68,2024-05-19,Blue Horizon,Edge Gateway,Hardware,UK,Online,Lucas Bernard,3,826.8,464.9,2480.4,0,0.0,2480.4,1394.7,1085.7,43.77
69,2024-03-19,CityCommerce,Insight Cloud,Software,Italy,Retail,Emma Dubois,9,882.0,526.9,7938.0,5.0,396.9,7541.1,4742.1,2799.0,37.12
70,2024-04-15,Core Systems,Analytics Training,Service,UK,B2B,Alice Martin,4,1908.0,882.42,7632.0,5.0,381.6,7250.4,3529.68,3720.72,51.32
71,2024-06-29,FoodWave,Analytics Training,Service,Italy,B2B,Leo Garnier,2,1764.0,897.8,3528.0,5.0,176.4,3351.6,1795.6,1556.0,46.43
72,2024-08-11,Prime Services,DataBoard Pro,Software,Italy,Retail,Leo Garnier,11,1128.96,688.39,12418.56,12.0,1490.23,10928.33,7572.29,3356.04,30.71
73,2024-03-25,Nexa Industries,Vision BI Suite,Software,UK,B2B,Alice Martin,7,1590.0,943.14,11130.0,7.0,779.1,10350.9,6601.98,3748.92,36.22
74,2024-01-14,Mediscope,Analytics Training,Service,Germany,Retail,Lucas Bernard,1,1872.0,909.3,1872.0,3.0,56.16,1815.84,909.3,906.54,49.92
75,2024-04-18,Nexa Industries,Edge Gateway,Hardware,Spain,Retail,Emma Dubois,7,756.6,481.52,5296.2,3.0,158.89,5137.31,3370.64,1766.67,34.39
76,2024-08-28,Nova Retail,DataBoard Pro,Software,Spain,Online,Leo Garnier,2,1117.44,718.48,2234.88,12.0,268.19,1966.69,1436.96,529.73,26.94
77,2024-01-21,Nova Retail,Smart Sensor X,Hardware,Germany,Online,Chloe Moreau,3,436.8,247.52,1310.4,0,0.0,1310.4,742.56,567.84,43.33
78,2024-12-08,Urban Mobility,Smart Sensor X,Hardware,Italy,B2B,Emma Dubois,6,444.53,257.12,2667.18,0,0.0,2667.18,1542.72,1124.46,42.16
79,2024-02-28,Atlas Finance,Smart Sensor Mini,Hardware,France,B2B,Alice Martin,5,260.0,155.13,1300.0,7.0,91.0,1209.0,775.65,433.35,35.84
80,2024-07-11,Optimum Labs,Smart Sensor X,Hardware,France,B2B,Leo Garnier,11,403.2,247.04,4435.2,0,0.0,4435.2,2717.44,1717.76,38.73
81,2024-06-03,Vision Partners,Insight Cloud,Software,UK,Online,Emma Dubois,9,954.0,537.12,8586.0,5.0,429.3,8156.7,4834.08,3322.62,40.73
82,2024-02-05,Luna Tech,Edge Gateway,Hardware,France,Retail,Hugo Petit,2,780.0,486.16,1560.0,5.0,78.0,1482.0,972.32,509.68,34.39
83,2024-11-21,Nexa Industries,Vision BI Suite,Software,Italy,Online,Leo Garnier,9,1587.6,921.48,14288.4,10.0,1428.84,12859.56,8293.32,4566.24,35.51
84,2024-10-02,Prime Services,Implementation Pack,Service,Italy,B2B,Chloe Moreau,3,2450.0,1467.39,7350.0,3.0,220.5,7129.5,4402.17,2727.33,38.25
85,2024-02-14,BuildSmart,Implementation Pack,Service,Germany,Retail,Chloe Moreau,4,2600.0,1375.21,10400.0,3.0,312.0,10088.0,5500.84,4587.16,45.47
86,2024-06-15,Atlas Finance,Implementation Pack,Service,Germany,Retail,Emma Dubois,3,2600.0,1470.6,7800.0,3.0,234.0,7566.0,4411.8,3154.2,41.69
87,2024-12-25,BuildSmart,DataBoard Pro,Software,UK,Online,Alice Martin,4,1373.76,688.51,5495.04,10.0,549.5,4945.54,2754.04,2191.5,44.31
88,2024-10-11,AeroParts,Implementation Pack,Service,Italy,Retail,Alice Martin,1,2450.0,1396.82,2450.0,3.0,73.5,2376.5,1396.82,979.68,41.22
89,2024-12-20,AeroParts,Smart Sensor Mini,Hardware,UK,Retail,Hugo Petit,9,297.65,151.13,2678.85,7.0,187.52,2491.33,1360.17,1131.16,45.4
90,2024-10-08,Blue Horizon,Edge Gateway,Hardware,Italy,Retail,Emma Dubois,5,764.4,455.24,3822.0,0,0.0,3822.0,2276.2,1545.8,40.44
91,2024-04-08,Blue Horizon,Insight Cloud,Software,UK,B2B,Lucas Bernard,4,954.0,540.33,3816.0,0,0.0,3816.0,2161.32,1654.68,43.36
92,2024-05-21,Delta Supply,Smart Sensor Mini,Hardware,France,Online,Emma Dubois,4,260.0,149.15,1040.0,3.0,31.2,1008.8,596.6,412.2,40.86
93,2024-01-08,Mercury Works,Vision BI Suite,Software,Spain,Online,Alice Martin,9,1455.0,952.93,13095.0,3.0,392.85,12702.15,8576.37,4125.78,32.48
94,2024-03-05,Prime Services,Insight Cloud,Software,France,B2B,Emma Dubois,8,900.0,527.92,7200.0,5.0,360.0,6840.0,4223.36,2616.64,38.25
95,2024-04-04,TransLog Europe,Smart Sensor Mini,Hardware,Italy,Online,Alice Martin,7,254.8,147.89,1783.6,5.0,89.18,1694.42,1035.23,659.19,38.9
96,2024-11-18,TransLog Europe,Vision BI Suite,Software,Germany,B2B,Emma Dubois,2,1684.8,910.32,3369.6,0,0.0,3369.6,1820.64,1548.96,45.97
97,2024-08-01,Vision Partners,Smart Sensor X,Hardware,UK,Retail,Hugo Petit,8,427.39,262.2,3419.12,3.0,102.57,3316.55,2097.6,1218.95,36.75
98,2024-08-07,FoodWave,DataBoard Pro,Software,UK,B2B,Alice Martin,4,1221.12,677.88,4884.48,10.0,488.45,4396.03,2711.52,1684.51,38.32
99,2024-12-04,Mediscope,Vision BI Suite,Software,Germany,Online,Chloe Moreau,2,1684.8,901.8,3369.6,0,0.0,3369.6,1803.6,1566.0,46.47
100,2024-08-18,Vision Partners,Implementation Pack,Service,Spain,Online,Lucas Bernard,3,2328.0,1403.66,6984.0,10.0,698.4,6285.6,4210.98,2074.62,33.01
101,2024-08-20,Mediscope,Smart Sensor X,Hardware,Spain,B2B,Chloe Moreau,11,391.1,263.67,4302.1,12.0,516.25,3785.85,2900.37,885.48,23.39
102,2024-08-05,Urban Mobility,Smart Sensor X,Hardware,Germany,Retail,Lucas Bernard,2,419.33,248.32,838.66,0,0.0,838.66,496.64,342.02,40.78
103,2024-06-06,Vision Partners,Smart Sensor Mini,Hardware,Italy,Online,Hugo Petit,12,254.8,155.4,3057.6,3.0,91.73,2965.87,1864.8,1101.07,37.12
104,2024-05-19,Luna Tech,Implementation Pack,Service,Italy,Online,Chloe Moreau,1,2450.0,1454.27,2450.0,5.0,122.5,2327.5,1454.27,873.23,37.52
105,2024-11-05,BuildSmart,DataBoard Pro,Software,France,Online,Leo Garnier,10,1296.0,718.12,12960.0,7.0,907.2,12052.8,7181.2,4871.6,40.42
106,2024-12-10,BuildSmart,DataBoard Pro,Software,Germany,Retail,Chloe Moreau,11,1347.84,716.23,14826.24,5.0,741.31,14084.93,7878.53,6206.4,44.06
107,2024-04-02,Delta Supply,Analytics Training,Service,Italy,Online,Hugo Petit,3,1764.0,906.0,5292.0,5.0,264.6,5027.4,2718.0,2309.4,45.94
108,2024-12-09,Urban Mobility,Vision BI Suite,Software,Spain,Retail,Leo Garnier,8,1571.4,950.37,12571.2,3.0,377.14,12194.06,7602.96,4591.1,37.65
109,2024-07-24,Mercury Works,DataBoard Pro,Software,Italy,Online,Emma Dubois,5,1128.96,672.71,5644.8,3.0,169.34,5475.46,3363.55,2111.91,38.57
110,2024-07-25,Luna Tech,DataBoard Pro,Software,UK,Retail,Hugo Petit,1,1221.12,694.6,1221.12,0,0.0,1221.12,694.6,526.52,43.12
111,2024-11-14,Prime Services,Implementation Pack,Service,France,Online,Emma Dubois,2,2700.0,1421.07,5400.0,3.0,162.0,5238.0,2842.14,2395.86,45.74
112,2024-12-23,Prime Services,Insight Cloud,Software,France,B2B,Chloe Moreau,4,972.0,516.19,3888.0,10.0,388.8,3499.2,2064.76,1434.44,40.99
113,2024-10-09,Nova Retail,Analytics Training,Service,France,Online,Alice Martin,4,1800.0,928.64,7200.0,0,0.0,7200.0,3714.56,3485.44,48.41
114,2024-03-19,Prime Services,Smart Sensor Mini,Hardware,UK,B2B,Emma Dubois,7,275.6,152.79,1929.2,12.0,231.5,1697.7,1069.53,628.17,37.0
115,2024-08-29,AeroParts,Implementation Pack,Service,UK,Online,Hugo Petit,2,2544.0,1428.92,5088.0,7.0,356.16,4731.84,2857.84,1874.0,39.6
116,2024-03-10,Mediscope,Smart Sensor Mini,Hardware,Italy,Retail,Chloe Moreau,5,254.8,147.03,1274.0,12.0,152.88,1121.12,735.15,385.97,34.43
117,2024-06-01,Delta Supply,Implementation Pack,Service,Germany,Retail,Chloe Moreau,4,2600.0,1409.23,10400.0,3.0,312.0,10088.0,5636.92,4451.08,44.12
118,2024-10-05,Optimum Labs,Implementation Pack,Service,Spain,Online,Leo Garnier,2,2425.0,1414.89,4850.0,7.0,339.5,4510.5,2829.78,1680.72,37.26
119,2024-07-29,TransLog Europe,Edge Gateway,Hardware,Italy,B2B,Hugo Petit,7,733.82,479.96,5136.74,10.0,513.67,4623.07,3359.72,1263.35,27.33
120,2024-11-29,Green Energy Co,Implementation Pack,Service,France,Online,Chloe Moreau,3,2700.0,1383.24,8100.0,12.0,972.0,7128.0,4149.72,2978.28,41.78
121,2024-08-13,Urban Mobility,Implementation Pack,Service,France,B2B,Lucas Bernard,4,2400.0,1445.34,9600.0,12.0,1152.0,8448.0,5781.36,2666.64,31.57
122,2024-03-20,Mediscope,Implementation Pack,Service,Spain,Retail,Chloe Moreau,4,2425.0,1381.0,9700.0,10.0,970.0,8730.0,5524.0,3206.0,36.72
123,2024-06-17,Mercury Works,Analytics Training,Service,Spain,B2B,Leo Garnier,4,1746.0,920.95,6984.0,12.0,838.08,6145.92,3683.8,2462.12,40.06
124,2024-11-12,Mediscope,Smart Sensor X,Hardware,Spain,Online,Leo Garnier,2,439.99,264.57,879.98,5.0,44.0,835.98,529.14,306.84,36.7
125,2024-11-20,Urban Mobility,Implementation Pack,Service,Germany,B2B,Emma Dubois,1,2808.0,1408.33,2808.0,0,0.0,2808.0,1408.33,1399.67,49.85
126,2024-01-29,FoodWave,Edge Gateway,Hardware,Spain,Retail,Lucas Bernard,4,756.6,465.96,3026.4,7.0,211.85,2814.55,1863.84,950.71,33.78
127,2024-12-15,Atlas Finance,Vision BI Suite,Software,Germany,Online,Chloe Moreau,7,1684.8,951.88,11793.6,7.0,825.55,10968.05,6663.16,4304.89,39.25
128,2024-09-11,Delta Supply,Vision BI Suite,Software,Germany,Retail,Leo Garnier,5,1560.0,920.39,7800.0,5.0,390.0,7410.0,4601.95,2808.05,37.9
129,2024-01-05,Nexa Industries,Smart Sensor Mini,Hardware,UK,Online,Alice Martin,8,275.6,158.85,2204.8,3.0,66.14,2138.66,1270.8,867.86,40.58
130,2024-06-02,Core Systems,Smart Sensor Mini,Hardware,Italy,Retail,Lucas Bernard,7,254.8,152.8,1783.6,12.0,214.03,1569.57,1069.6,499.97,31.85
131,2024-05-01,Optimum Labs,Edge Gateway,Hardware,UK,Retail,Leo Garnier,5,826.8,486.79,4134.0,0,0.0,4134.0,2433.95,1700.05,41.12
132,2024-12-03,Optimum Labs,Smart Sensor Mini,Hardware,France,B2B,Leo Garnier,12,280.8,157.93,3369.6,0,0.0,3369.6,1895.16,1474.44,43.76
133,2024-09-11,FoodWave,Smart Sensor X,Hardware,UK,Retail,Lucas Bernard,11,445.2,257.42,4897.2,0,0.0,4897.2,2831.62,2065.58,42.18
134,2024-12-13,Green Energy Co,Insight Cloud,Software,France,Retail,Hugo Petit,1,972.0,524.78,972.0,7.0,68.04,903.96,524.78,379.18,41.95
135,2024-03-08,Mediscope,Smart Sensor Mini,Hardware,Spain,B2B,Hugo Petit,3,252.2,148.59,756.6,0,0.0,756.6,445.77,310.83,41.08
136,2024-10-03,Hexa Group,Smart Sensor Mini,Hardware,Germany,Retail,Hugo Petit,5,270.4,157.44,1352.0,10.0,135.2,1216.8,787.2,429.6,35.31
137,2024-02-28,Nexa Industries,Insight Cloud,Software,Germany,Online,Leo Garnier,12,936.0,550.37,11232.0,10.0,1123.2,10108.8,6604.44,3504.36,34.67
138,2024-10-12,Hexa Group,Insight Cloud,Software,Italy,Online,Emma Dubois,9,882.0,528.52,7938.0,0,0.0,7938.0,4756.68,3181.32,40.08
139,2024-12-10,BuildSmart,Analytics Training,Service,Spain,Online,Leo Garnier,2,1885.68,883.8,3771.36,5.0,188.57,3582.79,1767.6,1815.19,50.66
140,2024-10-14,Blue Horizon,Smart Sensor X,Hardware,France,B2B,Hugo Petit,12,420.0,257.98,5040.0,3.0,151.2,4888.8,3095.76,1793.04,36.68
141,2024-02-29,Green Energy Co,DataBoard Pro,Software,France,Retail,Hugo Petit,2,1200.0,679.17,2400.0,0,0.0,2400.0,1358.34,1041.66,43.4
142,2024-10-02,Green Energy Co,Analytics Training,Service,Italy,Retail,Leo Garnier,4,1764.0,935.44,7056.0,7.0,493.92,6562.08,3741.76,2820.32,42.98
143,2024-03-20,Core Systems,Insight Cloud,Software,Italy,B2B,Hugo Petit,5,882.0,538.32,4410.0,0,0.0,4410.0,2691.6,1718.4,38.97
144,2024-04-21,Nexa Industries,Implementation Pack,Service,Germany,Retail,Alice Martin,3,2600.0,1472.99,7800.0,7.0,546.0,7254.0,4418.97,2835.03,39.08
145,2024-11-26,Hexa Group,DataBoard Pro,Software,Italy,Retail,Lucas Bernard,2,1270.08,711.24,2540.16,12.0,304.82,2235.34,1422.48,812.86,36.36
146,2024-02-16,CityCommerce,DataBoard Pro,Software,France,Retail,Lucas Bernard,3,1200.0,697.11,3600.0,12.0,432.0,3168.0,2091.33,1076.67,33.99
147,2024-02-05,Mercury Works,Smart Sensor X,Hardware,UK,Online,Lucas Bernard,6,445.2,247.95,2671.2,12.0,320.54,2350.66,1487.7,862.96,36.71
148,2024-11-01,Nova Retail,Smart Sensor Mini,Hardware,Germany,Online,Chloe Moreau,5,292.03,149.09,1460.15,12.0,175.22,1284.93,745.45,539.48,41.99
149,2024-12-04,Nova Retail,Vision BI Suite,Software,France,Retail,Lucas Bernard,10,1620.0,902.76,16200.0,3.0,486.0,15714.0,9027.6,6686.4,42.55
150,2024-05-15,TransLog Europe,Vision BI Suite,Software,Italy,B2B,Alice Martin,12,1470.0,936.65,17640.0,0,0.0,17640.0,11239.8,6400.2,36.28
151,2024-07-04,Luna Tech,Insight Cloud,Software,Italy,B2B,Lucas Bernard,10,846.72,539.85,8467.2,0,0.0,8467.2,5398.5,3068.7,36.24
152,2024-12-03,Luna Tech,Smart Sensor Mini,Hardware,Italy,B2B,Alice Martin,1,275.18,157.17,275.18,5.0,13.76,261.42,157.17,104.25,39.88
153,2024-08-06,Urban Mobility,Implementation Pack,Service,Italy,Online,Alice Martin,3,2352.0,1388.61,7056.0,7.0,493.92,6562.08,4165.83,2396.25,36.52
154,2024-03-05,BuildSmart,Edge Gateway,Hardware,Italy,B2B,Chloe Moreau,5,764.4,469.4,3822.0,5.0,191.1,3630.9,2347.0,1283.9,35.36
155,2024-08-08,Urban Mobility,Insight Cloud,Software,UK,B2B,Lucas Bernard,7,915.84,546.54,6410.88,5.0,320.54,6090.34,3825.78,2264.56,37.18
156,2024-07-30,Blue Horizon,Implementation Pack,Service,Italy,Retail,Leo Garnier,1,2352.0,1419.8,2352.0,3.0,70.56,2281.44,1419.8,861.64,37.77
157,2024-12-06,BuildSmart,Edge Gateway,Hardware,Germany,B2B,Hugo Petit,2,876.1,481.41,1752.2,0,0.0,1752.2,962.82,789.38,45.05
158,2024-02-17,Core Systems,Insight Cloud,Software,Spain,Online,Chloe Moreau,1,873.0,549.4,873.0,7.0,61.11,811.89,549.4,262.49,32.33
159,2024-10-14,Blue Horizon,Insight Cloud,Software,Italy,Retail,Leo Garnier,7,882.0,547.7,6174.0,12.0,740.88,5433.12,3833.9,1599.22,29.43
160,2024-01-27,FoodWave,Smart Sensor Mini,Hardware,Spain,Online,Chloe Moreau,9,252.2,148.86,2269.8,0,0.0,2269.8,1339.74,930.06,40.98
161,2024-09-03,AeroParts,Insight Cloud,Software,Spain,B2B,Emma Dubois,2,873.0,521.19,1746.0,12.0,209.52,1536.48,1042.38,494.1,32.16
162,2024-04-25,Core Systems,DataBoard Pro,Software,UK,B2B,Leo Garnier,5,1272.0,676.21,6360.0,0,0.0,6360.0,3381.05,2978.95,46.84
163,2024-12-25,FoodWave,Edge Gateway,Hardware,Spain,Online,Lucas Bernard,3,817.13,474.99,2451.39,7.0,171.6,2279.79,1424.97,854.82,37.5
164,2024-02-05,Green Energy Co,DataBoard Pro,Software,France,B2B,Chloe Moreau,4,1200.0,689.24,4800.0,5.0,240.0,4560.0,2756.96,1803.04,39.54
165,2024-06-23,Atlas Finance,Edge Gateway,Hardware,Spain,B2B,Emma Dubois,10,756.6,453.93,7566.0,7.0,529.62,7036.38,4539.3,2497.08,35.49
166,2024-01-27,Green Energy Co,Vision BI Suite,Software,UK,Online,Leo Garnier,2,1590.0,934.21,3180.0,3.0,95.4,3084.6,1868.42,1216.18,39.43
167,2024-08-05,Prime Services,Implementation Pack,Service,Italy,Retail,Lucas Bernard,1,2352.0,1420.15,2352.0,3.0,70.56,2281.44,1420.15,861.29,37.75
168,2024-05-25,Delta Supply,Implementation Pack,Service,UK,B2B,Emma Dubois,1,2650.0,1416.27,2650.0,0,0.0,2650.0,1416.27,1233.73,46.56
169,2024-11-02,TransLog Europe,DataBoard Pro,Software,Germany,Retail,Lucas Bernard,3,1347.84,680.3,4043.52,12.0,485.22,3558.3,2040.9,1517.4,42.64
170,2024-06-16,Urban Mobility,DataBoard Pro,Software,Italy,B2B,Hugo Petit,3,1176.0,687.08,3528.0,0,0.0,3528.0,2061.24,1466.76,41.57
171,2024-12-26,AeroParts,Edge Gateway,Hardware,France,Retail,Leo Garnier,1,842.4,451.49,842.4,5.0,42.12,800.28,451.49,348.79,43.58
172,2024-02-09,Blue Horizon,Analytics Training,Service,UK,Retail,Leo Garnier,4,1908.0,890.29,7632.0,3.0,228.96,7403.04,3561.16,3841.88,51.9
173,2024-01-11,Blue Horizon,Vision BI Suite,Software,UK,Retail,Leo Garnier,6,1590.0,933.74,9540.0,0,0.0,9540.0,5602.44,3937.56,41.27
174,2024-02-24,AeroParts,Analytics Training,Service,UK,Retail,Chloe Moreau,1,1908.0,944.68,1908.0,5.0,95.4,1812.6,944.68,867.92,47.88
175,2024-06-22,AeroParts,Edge Gateway,Hardware,Germany,Online,Chloe Moreau,11,811.2,470.33,8923.2,0,0.0,8923.2,5173.63,3749.57,42.02
176,2024-04-09,Hexa Group,Edge Gateway,Hardware,Germany,Online,Alice Martin,3,811.2,458.06,2433.6,3.0,73.01,2360.59,1374.18,986.41,41.79
177,2024-11-04,Green Energy Co,Insight Cloud,Software,Germany,B2B,Hugo Petit,8,1010.88,533.05,8087.04,12.0,970.44,7116.6,4264.4,2852.2,40.08
178,2024-10-23,Nexa Industries,Edge Gateway,Hardware,Spain,Online,Hugo Petit,2,756.6,467.07,1513.2,5.0,75.66,1437.54,934.14,503.4,35.02
179,2024-06-04,BuildSmart,DataBoard Pro,Software,Spain,B2B,Alice Martin,5,1164.0,690.98,5820.0,5.0,291.0,5529.0,3454.9,2074.1,37.51
180,2024-01-30,Hexa Group,Smart Sensor Mini,Hardware,France,B2B,Alice Martin,10,260.0,153.08,2600.0,7.0,182.0,2418.0,1530.8,887.2,36.69
181,2024-08-24,Delta Supply,DataBoard Pro,Software,Italy,B2B,Leo Garnier,4,1128.96,699.31,4515.84,3.0,135.48,4380.36,2797.24,1583.12,36.14
182,2024-09-13,Green Energy Co,DataBoard Pro,Software,Italy,Online,Emma Dubois,12,1176.0,693.85,14112.0,0,0.0,14112.0,8326.2,5785.8,41.0
183,2024-03-29,TransLog Europe,Smart Sensor X,Hardware,Italy,Retail,Chloe Moreau,9,411.6,248.17,3704.4,7.0,259.31,3445.09,2233.53,1211.56,35.17
184,2024-07-09,FoodWave,Analytics Training,Service,Italy,Retail,Leo Garnier,1,1693.44,927.42,1693.44,12.0,203.21,1490.23,927.42,562.81,37.77
185,2024-06-20,Mediscope,Edge Gateway,Hardware,France,B2B,Leo Garnier,7,780.0,460.07,5460.0,3.0,163.8,5296.2,3220.49,2075.71,39.19
186,2024-12-02,Vision Partners,Vision BI Suite,Software,Spain,Online,Chloe Moreau,11,1571.4,969.07,17285.4,0,0.0,17285.4,10659.77,6625.63,38.33
187,2024-06-07,Optimum Labs,Vision BI Suite,Software,UK,B2B,Alice Martin,5,1590.0,929.32,7950.0,7.0,556.5,7393.5,4646.6,2746.9,37.15
188,2024-06-17,Green Energy Co,Insight Cloud,Software,Italy,B2B,Emma Dubois,1,882.0,522.45,882.0,3.0,26.46,855.54,522.45,333.09,38.93
189,2024-04-19,Blue Horizon,Implementation Pack,Service,Germany,Online,Lucas Bernard,2,2600.0,1405.13,5200.0,0,0.0,5200.0,2810.26,2389.74,45.96
190,2024-02-21,Luna Tech,DataBoard Pro,Software,Spain,B2B,Lucas Bernard,10,1164.0,674.79,11640.0,5.0,582.0,11058.0,6747.9,4310.1,38.98
191,2024-04-02,Vision Partners,Vision BI Suite,Software,Italy,Online,Hugo Petit,6,1470.0,954.56,8820.0,10.0,882.0,7938.0,5727.36,2210.64,27.85
192,2024-08-15,Vision Partners,Smart Sensor Mini,Hardware,Italy,Online,Chloe Moreau,4,244.61,158.59,978.44,3.0,29.35,949.09,634.36,314.73,33.16
193,2024-08-28,CityCommerce,Edge Gateway,Hardware,UK,Retail,Hugo Petit,5,793.73,464.85,3968.65,12.0,476.24,3492.41,2324.25,1168.16,33.45
194,2024-09-27,Core Systems,Vision BI Suite,Software,Germany,B2B,Lucas Bernard,5,1560.0,948.79,7800.0,0,0.0,7800.0,4743.95,3056.05,39.18
195,2024-07-09,Mercury Works,Insight Cloud,Software,UK,Online,Emma Dubois,2,915.84,516.27,1831.68,12.0,219.8,1611.88,1032.54,579.34,35.94
196,2024-08-18,Luna Tech,Vision BI Suite,Software,Italy,Online,Lucas Bernard,8,1411.2,970.08,11289.6,3.0,338.69,10950.91,7760.64,3190.27,29.13
197,2024-07-31,TransLog Europe,Analytics Training,Service,UK,Retail,Lucas Bernard,4,1831.68,908.99,7326.72,0,0.0,7326.72,3635.96,3690.76,50.37
198,2024-01-15,Blue Horizon,Insight Cloud,Software,Spain,Online,Lucas Bernard,1,873.0,547.76,873.0,3.0,26.19,846.81,547.76,299.05,35.31
199,2024-08-29,Green Energy Co,Implementation Pack,Service,Italy,B2B,Alice Martin,1,2352.0,1400.66,2352.0,0,0.0,2352.0,1400.66,951.34,40.45
200,2024-03-17,Mercury Works,Analytics Training,Service,France,Retail,Lucas Bernard,3,1800.0,885.44,5400.0,0,0.0,5400.0,2656.32,2743.68,50.81
201,2024-08-02,Vision Partners,Implementation Pack,Service,France,Online,Hugo Petit,1,2400.0,1429.72,2400.0,10.0,240.0,2160.0,1429.72,730.28,33.81
202,2024-05-03,Green Energy Co,Smart Sensor Mini,Hardware,Italy,Online,Chloe Moreau,6,254.8,153.85,1528.8,0,0.0,1528.8,923.1,605.7,39.62
203,2024-04-05,Mediscope,Edge Gateway,Hardware,France,B2B,Chloe Moreau,9,780.0,487.17,7020.0,12.0,842.4,6177.6,4384.53,1793.07,29.03
204,2024-10-10,Nova Retail,Analytics Training,Service,Italy,Online,Leo Garnier,4,1764.0,900.26,7056.0,3.0,211.68,6844.32,3601.04,3243.28,47.39
205,2024-01-09,Hexa Group,Insight Cloud,Software,Spain,Online,Leo Garnier,11,873.0,513.91,9603.0,10.0,960.3,8642.7,5653.01,2989.69,34.59
206,2024-10-24,Blue Horizon,Vision BI Suite,Software,France,Retail,Chloe Moreau,6,1500.0,948.91,9000.0,12.0,1080.0,7920.0,5693.46,2226.54,28.11
207,2024-12-16,Nexa Industries,Implementation Pack,Service,Germany,Online,Alice Martin,4,2808.0,1404.87,11232.0,0,0.0,11232.0,5619.48,5612.52,49.97
208,2024-01-23,CityCommerce,DataBoard Pro,Software,Spain,Retail,Chloe Moreau,7,1164.0,695.94,8148.0,12.0,977.76,7170.24,4871.58,2298.66,32.06
209,2024-05-09,TransLog Europe,Smart Sensor X,Hardware,Spain,Retail,Alice Martin,11,407.4,250.46,4481.4,3.0,134.44,4346.96,2755.06,1591.9,36.62
210,2024-07-07,Core Systems,Analytics Training,Service,Italy,Retail,Emma Dubois,2,1693.44,931.83,3386.88,5.0,169.34,3217.54,1863.66,1353.88,42.08
211,2024-07-07,Luna Tech,Smart Sensor Mini,Hardware,France,B2B,Hugo Petit,2,249.6,154.23,499.2,5.0,24.96,474.24,308.46,165.78,34.96
212,2024-04-02,Mercury Works,Smart Sensor Mini,Hardware,Spain,Online,Alice Martin,6,252.2,150.55,1513.2,10.0,151.32,1361.88,903.3,458.58,33.67
213,2024-08-16,Vision Partners,Analytics Training,Service,Germany,B2B,Hugo Petit,3,1797.12,885.05,5391.36,5.0,269.57,5121.79,2655.15,2466.64,48.16
214,2024-06-29,Vision Partners,Analytics Training,Service,Spain,B2B,Alice Martin,1,1746.0,927.9,1746.0,10.0,174.6,1571.4,927.9,643.5,40.95
215,2024-07-05,Luna Tech,Vision BI Suite,Software,France,Online,Chloe Moreau,11,1440.0,933.85,15840.0,12.0,1900.8,13939.2,10272.35,3666.85,26.31
216,2024-03-05,Mediscope,Smart Sensor X,Hardware,Spain,Retail,Hugo Petit,10,407.4,257.1,4074.0,0,0.0,4074.0,2571.0,1503.0,36.89
217,2024-12-13,Nexa Industries,Edge Gateway,Hardware,Spain,Retail,Alice Martin,10,817.13,470.28,8171.3,0,0.0,8171.3,4702.8,3468.5,42.45
218,2024-07-22,Blue Horizon,Smart Sensor Mini,Hardware,Germany,Online,Alice Martin,12,259.58,152.99,3114.96,0,0.0,3114.96,1835.88,1279.08,41.06
219,2024-07-17,Mercury Works,Insight Cloud,Software,Spain,Retail,Leo Garnier,8,838.08,551.05,6704.64,0,0.0,6704.64,4408.4,2296.24,34.25
220,2024-05-26,Prime Services,Smart Sensor X,Hardware,France,Online,Alice Martin,8,420.0,262.97,3360.0,0,0.0,3360.0,2103.76,1256.24,37.39
221,2024-08-15,Mediscope,Edge Gateway,Hardware,Spain,B2B,Alice Martin,9,726.34,461.49,6537.06,7.0,457.59,6079.47,4153.41,1926.06,31.68
222,2024-06-02,Atlas Finance,Vision BI Suite,Software,Spain,B2B,Lucas Bernard,2,1455.0,959.9,2910.0,0,0.0,2910.0,1919.8,990.2,34.03
223,2024-05-01,Prime Services,DataBoard Pro,Software,Spain,B2B,Chloe Moreau,6,1164.0,710.12,6984.0,5.0,349.2,6634.8,4260.72,2374.08,35.78
224,2024-10-09,Green Energy Co,Insight Cloud,Software,France,Retail,Hugo Petit,12,900.0,529.51,10800.0,10.0,1080.0,9720.0,6354.12,3365.88,34.63
225,2024-07-29,Core Systems,Insight Cloud,Software,Germany,Retail,Leo Garnier,2,898.56,528.98,1797.12,5.0,89.86,1707.26,1057.96,649.3,38.03
226,2024-09-21,Hexa Group,Vision BI Suite,Software,UK,B2B,Chloe Moreau,3,1590.0,972.72,4770.0,12.0,572.4,4197.6,2918.16,1279.44,30.48
227,2024-08-09,Luna Tech,DataBoard Pro,Software,France,B2B,Lucas Bernard,5,1152.0,675.21,5760.0,0,0.0,5760.0,3376.05,2383.95,41.39
228,2024-12-29,AeroParts,Edge Gateway,Hardware,UK,Retail,Alice Martin,5,892.94,474.17,4464.7,0,0.0,4464.7,2370.85,2093.85,46.9
229,2024-10-09,BuildSmart,Vision BI Suite,Software,Spain,B2B,Chloe Moreau,2,1455.0,948.78,2910.0,7.0,203.7,2706.3,1897.56,808.74,29.88
230,2024-10-30,Delta Supply,Vision BI Suite,Software,Germany,B2B,Chloe Moreau,12,1560.0,926.45,18720.0,7.0,1310.4,17409.6,11117.4,6292.2,36.14
231,2024-10-15,TransLog Europe,DataBoard Pro,Software,France,Online,Leo Garnier,10,1200.0,701.82,12000.0,3.0,360.0,11640.0,7018.2,4621.8,39.71
232,2024-10-19,Core Systems,DataBoard Pro,Software,Italy,B2B,Chloe Moreau,5,1176.0,718.44,5880.0,10.0,588.0,5292.0,3592.2,1699.8,32.12
233,2024-09-04,AeroParts,Analytics Training,Service,Spain,Retail,Alice Martin,1,1746.0,913.65,1746.0,0,0.0,1746.0,913.65,832.35,47.67
234,2024-09-04,Nexa Industries,Smart Sensor X,Hardware,Spain,B2B,Lucas Bernard,6,407.4,259.37,2444.4,12.0,293.33,2151.07,1556.22,594.85,27.65
235,2024-06-25,Optimum Labs,Vision BI Suite,Software,Spain,B2B,Chloe Moreau,2,1455.0,919.39,2910.0,3.0,87.3,2822.7,1838.78,983.92,34.86
236,2024-03-03,BuildSmart,Implementation Pack,Service,Germany,Online,Alice Martin,1,2600.0,1477.88,2600.0,3.0,78.0,2522.0,1477.88,1044.12,41.4
237,2024-11-11,Core Systems,Smart Sensor X,Hardware,Germany,Retail,Chloe Moreau,12,471.74,248.8,5660.88,3.0,169.83,5491.05,2985.6,2505.45,45.63
238,2024-03-22,Prime Services,Implementation Pack,Service,Italy,Retail,Hugo Petit,1,2450.0,1477.87,2450.0,0,0.0,2450.0,1477.87,972.13,39.68
239,2024-09-15,Nexa Industries,Smart Sensor X,Hardware,Germany,B2B,Emma Dubois,1,436.8,250.63,436.8,0,0.0,436.8,250.63,186.17,42.62
240,2024-11-01,Prime Services,Smart Sensor Mini,Hardware,UK,Online,Alice Martin,7,297.65,157.59,2083.55,0,0.0,2083.55,1103.13,980.42,47.06
241,2024-07-06,Optimum Labs,Edge Gateway,Hardware,France,Retail,Alice Martin,10,748.8,457.96,7488.0,7.0,524.16,6963.84,4579.6,2384.24,34.24
242,2024-10-10,FoodWave,Insight Cloud,Software,Italy,B2B,Hugo Petit,9,882.0,543.93,7938.0,3.0,238.14,7699.86,4895.37,2804.49,36.42
243,2024-11-15,Vision Partners,Insight Cloud,Software,Germany,Online,Hugo Petit,6,1010.88,550.65,6065.28,12.0,727.83,5337.45,3303.9,2033.55,38.1
244,2024-10-12,Hexa Group,Vision BI Suite,Software,Germany,B2B,Chloe Moreau,7,1560.0,904.56,10920.0,7.0,764.4,10155.6,6331.92,3823.68,37.65
245,2024-01-20,Green Energy Co,Edge Gateway,Hardware,Italy,B2B,Hugo Petit,3,764.4,483.67,2293.2,7.0,160.52,2132.68,1451.01,681.67,31.96
246,2024-03-12,Blue Horizon,Edge Gateway,Hardware,Germany,Retail,Chloe Moreau,12,811.2,461.81,9734.4,12.0,1168.13,8566.27,5541.72,3024.55,35.31
247,2024-06-21,Luna Tech,Implementation Pack,Service,UK,Retail,Hugo Petit,1,2650.0,1409.1,2650.0,3.0,79.5,2570.5,1409.1,1161.4,45.18
248,2024-02-26,Core Systems,Smart Sensor Mini,Hardware,France,B2B,Hugo Petit,5,260.0,156.39,1300.0,10.0,130.0,1170.0,781.95,388.05,33.17
249,2024-10-23,Delta Supply,Smart Sensor X,Hardware,France,B2B,Hugo Petit,3,420.0,257.58,1260.0,7.0,88.2,1171.8,772.74,399.06,34.06
250,2024-11-13,Optimum Labs,Vision BI Suite,Software,Germany,Online,Chloe Moreau,12,1684.8,915.64,20217.6,0,0.0,20217.6,10987.68,9229.92,45.65
251,2024-08-13,Blue Horizon,Analytics Training,Service,Germany,Retail,Leo Garnier,2,1797.12,918.13,3594.24,5.0,179.71,3414.53,1836.26,1578.27,46.22
252,2024-11-09,Prime Services,DataBoard Pro,Software,Germany,B2B,Lucas Bernard,9,1347.84,720.7,12130.56,3.0,363.92,11766.64,6486.3,5280.34,44.88
253,2024-09-01,Luna Tech,Analytics Training,Service,Spain,Online,Hugo Petit,3,1746.0,907.51,5238.0,7.0,366.66,4871.34,2722.53,2148.81,44.11
254,2024-12-14,BuildSmart,Implementation Pack,Service,Germany,Online,Emma Dubois,3,2808.0,1477.45,8424.0,0,0.0,8424.0,4432.35,3991.65,47.38
255,2024-06-01,FoodWave,Smart Sensor X,Hardware,Italy,Retail,Hugo Petit,6,411.6,263.67,2469.6,7.0,172.87,2296.73,1582.02,714.71,31.12
256,2024-05-20,FoodWave,Insight Cloud,Software,UK,B2B,Chloe Moreau,7,954.0,543.64,6678.0,5.0,333.9,6344.1,3805.48,2538.62,40.02
257,2024-03-15,FoodWave,DataBoard Pro,Software,Spain,B2B,Alice Martin,6,1164.0,702.08,6984.0,5.0,349.2,6634.8,4212.48,2422.32,36.51
258,2024-09-02,CityCommerce,Smart Sensor X,Hardware,UK,Retail,Chloe Moreau,12,445.2,247.75,5342.4,3.0,160.27,5182.13,2973.0,2209.13,42.63
259,2024-11-11,Delta Supply,Smart Sensor X,Hardware,Germany,Online,Leo Garnier,9,471.74,257.76,4245.66,0,0.0,4245.66,2319.84,1925.82,45.36
260,2024-01-27,Urban Mobility,Analytics Training,Service,Spain,B2B,Hugo Petit,1,1746.0,937.5,1746.0,10.0,174.6,1571.4,937.5,633.9,40.34
261,2024-01-03,Mercury Works,Vision BI Suite,Software,Italy,B2B,Hugo Petit,8,1470.0,916.28,11760.0,10.0,1176.0,10584.0,7330.24,3253.76,30.74
262,2024-05-27,Blue Horizon,Smart Sensor Mini,Hardware,France,Online,Leo Garnier,10,260.0,153.42,2600.0,0,0.0,2600.0,1534.2,1065.8,40.99
263,2024-01-20,Atlas Finance,Analytics Training,Service,Germany,Online,Hugo Petit,4,1872.0,949.44,7488.0,0,0.0,7488.0,3797.76,3690.24,49.28
264,2024-05-28,TransLog Europe,DataBoard Pro,Software,Spain,B2B,Chloe Moreau,2,1164.0,681.88,2328.0,3.0,69.84,2258.16,1363.76,894.4,39.61
265,2024-11-24,Mercury Works,Implementation Pack,Service,Germany,B2B,Hugo Petit,3,2808.0,1462.59,8424.0,0,0.0,8424.0,4387.77,4036.23,47.91
266,2024-06-18,Atlas Finance,Implementation Pack,Service,Spain,B2B,Lucas Bernard,1,2425.0,1409.76,2425.0,10.0,242.5,2182.5,1409.76,772.74,35.41
267,2024-05-31,Delta Supply,Smart Sensor X,Hardware,Germany,B2B,Leo Garnier,7,436.8,253.55,3057.6,12.0,366.91,2690.69,1774.85,915.84,34.04
268,2024-06-16,Mediscope,Analytics Training,Service,France,Online,Lucas Bernard,4,1800.0,949.38,7200.0,3.0,216.0,6984.0,3797.52,3186.48,45.63
269,2024-01-04,BuildSmart,Analytics Training,Service,Germany,Retail,Emma Dubois,3,1872.0,923.94,5616.0,3.0,168.48,5447.52,2771.82,2675.7,49.12
270,2024-10-20,Nova Retail,Smart Sensor Mini,Hardware,Spain,B2B,Lucas Bernard,1,252.2,148.42,252.2,10.0,25.22,226.98,148.42,78.56,34.61
271,2024-06-06,Atlas Finance,Analytics Training,Service,UK,B2B,Emma Dubois,1,1908.0,947.96,1908.0,10.0,190.8,1717.2,947.96,769.24,44.8
272,2024-05-31,Hexa Group,Smart Sensor X,Hardware,Germany,Online,Hugo Petit,3,436.8,259.95,1310.4,5.0,65.52,1244.88,779.85,465.03,37.36
273,2024-11-06,Hexa Group,Analytics Training,Service,UK,Retail,Chloe Moreau,2,2060.64,899.82,4121.28,12.0,494.55,3626.73,1799.64,1827.09,50.38
274,2024-11-01,Mediscope,Implementation Pack,Service,UK,B2B,Emma Dubois,1,2862.0,1384.57,2862.0,7.0,200.34,2661.66,1384.57,1277.09,47.98
275,2024-10-07,Luna Tech,Smart Sensor X,Hardware,UK,B2B,Lucas Bernard,3,445.2,262.09,1335.6,3.0,40.07,1295.53,786.27,509.26,39.31
276,2024-08-14,Urban Mobility,Smart Sensor X,Hardware,UK,Retail,Alice Martin,9,427.39,261.17,3846.51,5.0,192.33,3654.18,2350.53,1303.65,35.68
277,2024-08-20,Green Energy Co,Analytics Training,Service,Italy,B2B,Alice Martin,4,1693.44,940.1,6773.76,10.0,677.38,6096.38,3760.4,2335.98,38.32
278,2024-01-12,Optimum Labs,Smart Sensor Mini,Hardware,France,B2B,Lucas Bernard,10,260.0,147.54,2600.0,0,0.0,2600.0,1475.4,1124.6,43.25
279,2024-06-25,Mediscope,DataBoard Pro,Software,France,Retail,Alice Martin,5,1200.0,676.19,6000.0,5.0,300.0,5700.0,3380.95,2319.05,40.69
280,2024-03-10,Core Systems,Edge Gateway,Hardware,Italy,Retail,Hugo Petit,7,764.4,475.92,5350.8,0,0.0,5350.8,3331.44,2019.36,37.74
281,2024-12-04,Mercury Works,Vision BI Suite,Software,Spain,Online,Lucas Bernard,9,1571.4,940.52,14142.6,5.0,707.13,13435.47,8464.68,4970.79,37.0
282,2024-04-24,Nova Retail,DataBoard Pro,Software,Spain,Retail,Leo Garnier,12,1164.0,689.47,13968.0,7.0,977.76,12990.24,8273.64,4716.6,36.31
283,2024-07-13,AeroParts,Smart Sensor X,Hardware,Italy,Retail,Lucas Bernard,5,395.14,263.75,1975.7,0,0.0,1975.7,1318.75,656.95,33.25
284,2024-02-27,TransLog Europe,Analytics Training,Service,UK,Online,Lucas Bernard,2,1908.0,889.26,3816.0,0,0.0,3816.0,1778.52,2037.48,53.39
285,2024-01-18,Nexa Industries,DataBoard Pro,Software,Germany,B2B,Alice Martin,7,1248.0,679.15,8736.0,5.0,436.8,8299.2,4754.05,3545.15,42.72
286,2024-04-21,TransLog Europe,Vision BI Suite,Software,UK,Retail,Lucas Bernard,12,1590.0,925.07,19080.0,7.0,1335.6,17744.4,11100.84,6643.56,37.44
287,2024-11-02,Blue Horizon,Smart Sensor X,Hardware,Spain,Online,Leo Garnier,9,439.99,253.27,3959.91,0,0.0,3959.91,2279.43,1680.48,42.44
288,2024-05-20,TransLog Europe,Vision BI Suite,Software,Italy,B2B,Hugo Petit,1,1470.0,970.9,1470.0,3.0,44.1,1425.9,970.9,455.0,31.91
289,2024-12-09,Optimum Labs,Edge Gateway,Hardware,Italy,Retail,Lucas Bernard,5,825.55,457.57,4127.75,5.0,206.39,3921.36,2287.85,1633.51,41.66
290,2024-10-02,Prime Services,Smart Sensor X,Hardware,Germany,Retail,Leo Garnier,3,436.8,254.26,1310.4,12.0,157.25,1153.15,762.78,390.37,33.85
291,2024-01-30,Mercury Works,Analytics Training,Service,Italy,B2B,Chloe Moreau,2,1764.0,899.49,3528.0,5.0,176.4,3351.6,1798.98,1552.62,46.32
292,2024-04-14,Blue Horizon,Insight Cloud,Software,Italy,Retail,Alice Martin,9,882.0,544.1,7938.0,10.0,793.8,7144.2,4896.9,2247.3,31.46
293,2024-01-27,BuildSmart,Analytics Training,Service,UK,B2B,Alice Martin,1,1908.0,939.93,1908.0,0,0.0,1908.0,939.93,968.07,50.74
294,2024-10-27,Mercury Works,Smart Sensor X,Hardware,Italy,Online,Emma Dubois,5,411.6,249.24,2058.0,0,0.0,2058.0,1246.2,811.8,39.45
295,2024-04-07,Urban Mobility,Implementation Pack,Service,Germany,B2B,Chloe Moreau,2,2600.0,1474.49,5200.0,5.0,260.0,4940.0,2948.98,1991.02,40.3
296,2024-10-09,Blue Horizon,Smart Sensor Mini,Hardware,Italy,Retail,Chloe Moreau,11,254.8,150.7,2802.8,3.0,84.08,2718.72,1657.7,1061.02,39.03
297,2024-07-03,Luna Tech,Implementation Pack,Service,Italy,Online,Leo Garnier,4,2352.0,1466.05,9408.0,12.0,1128.96,8279.04,5864.2,2414.84,29.17
298,2024-04-14,Hexa Group,Edge Gateway,Hardware,Italy,Online,Chloe Moreau,4,764.4,456.17,3057.6,10.0,305.76,2751.84,1824.68,927.16,33.69
299,2024-05-13,Mercury Works,Analytics Training,Service,Spain,Online,Lucas Bernard,3,1746.0,909.35,5238.0,0,0.0,5238.0,2728.05,2509.95,47.92
300,2024-05-05,Prime Services,Edge Gateway,Hardware,Spain,Retail,Leo Garnier,11,756.6,468.85,8322.6,10.0,832.26,7490.34,5157.35,2332.99,31.15
301,2024-03-27,Hexa Group,Vision BI Suite,Software,Germany,B2B,Chloe Moreau,8,1560.0,969.08,12480.0,0,0.0,12480.0,7752.64,4727.36,37.88
302,2024-10-04,TransLog Europe,DataBoard Pro,Software,France,B2B,Alice Martin,1,1200.0,673.88,1200.0,5.0,60.0,1140.0,673.88,466.12,40.89
303,2024-11-18,AeroParts,Insight Cloud,Software,Germany,Online,Lucas Bernard,9,1010.88,525.13,9097.92,5.0,454.9,8643.02,4726.17,3916.85,45.32
304,2024-11-12,Vision Partners,Implementation Pack,Service,Italy,Online,Alice Martin,4,2646.0,1373.87,10584.0,0,0.0,10584.0,5495.48,5088.52,48.08
305,2024-05-20,Mercury Works,Smart Sensor Mini,Hardware,France,B2B,Leo Garnier,11,260.0,156.67,2860.0,5.0,143.0,2717.0,1723.37,993.63,36.57
306,2024-04-01,Urban Mobility,Insight Cloud,Software,UK,Online,Lucas Bernard,4,954.0,531.5,3816.0,7.0,267.12,3548.88,2126.0,1422.88,40.09
307,2024-06-30,BuildSmart,Analytics Training,Service,France,Retail,Hugo Petit,4,1800.0,899.51,7200.0,7.0,504.0,6696.0,3598.04,3097.96,46.27
308,2024-12-22,AeroParts,Smart Sensor Mini,Hardware,France,B2B,Leo Garnier,1,280.8,151.86,280.8,0,0.0,280.8,151.86,128.94,45.92
309,2024-07-12,Mercury Works,Implementation Pack,Service,France,B2B,Alice Martin,2,2400.0,1427.98,4800.0,0,0.0,4800.0,2855.96,1944.04,40.5
310,2024-08-10,Blue Horizon,Insight Cloud,Software,UK,Online,Lucas Bernard,4,915.84,538.4,3663.36,12.0,439.6,3223.76,2153.6,1070.16,33.2
311,2024-10-17,Prime Services,Smart Sensor Mini,Hardware,France,Online,Leo Garnier,5,260.0,153.76,1300.0,7.0,91.0,1209.0,768.8,440.2,36.41
312,2024-01-17,Atlas Finance,Edge Gateway,Hardware,France,Online,Chloe Moreau,3,780.0,481.0,2340.0,12.0,280.8,2059.2,1443.0,616.2,29.92
313,2024-07-22,Mediscope,Smart Sensor Mini,Hardware,Germany,B2B,Lucas Bernard,10,259.58,157.19,2595.8,12.0,311.5,2284.3,1571.9,712.4,31.19
314,2024-12-12,Mercury Works,Edge Gateway,Hardware,Italy,B2B,Lucas Bernard,12,825.55,453.69,9906.6,10.0,990.66,8915.94,5444.28,3471.66,38.94
315,2024-06-26,TransLog Europe,Insight Cloud,Software,Italy,Online,Alice Martin,6,882.0,541.59,5292.0,7.0,370.44,4921.56,3249.54,1672.02,33.97
316,2024-10-31,Optimum Labs,Edge Gateway,Hardware,France,B2B,Emma Dubois,8,780.0,459.2,6240.0,5.0,312.0,5928.0,3673.6,2254.4,38.03
317,2024-10-10,Optimum Labs,Analytics Training,Service,Germany,B2B,Chloe Moreau,4,1872.0,937.6,7488.0,0,0.0,7488.0,3750.4,3737.6,49.91
318,2024-05-31,AeroParts,Insight Cloud,Software,France,Retail,Lucas Bernard,7,900.0,542.21,6300.0,10.0,630.0,5670.0,3795.47,1874.53,33.06
319,2024-03-19,Optimum Labs,Edge Gateway,Hardware,Spain,Online,Alice Martin,1,756.6,467.17,756.6,3.0,22.7,733.9,467.17,266.73,36.34
320,2024-05-18,Urban Mobility,Vision BI Suite,Software,France,Online,Hugo Petit,8,1500.0,942.43,12000.0,7.0,840.0,11160.0,7539.44,3620.56,32.44
321,2024-07-27,Urban Mobility,DataBoard Pro,Software,France,Retail,Chloe Moreau,2,1152.0,698.93,2304.0,7.0,161.28,2142.72,1397.86,744.86,34.76
322,2024-06-15,Optimum Labs,DataBoard Pro,Software,Spain,Retail,Hugo Petit,2,1164.0,715.42,2328.0,10.0,232.8,2095.2,1430.84,664.36,31.71
323,2024-05-04,Delta Supply,Vision BI Suite,Software,Italy,Online,Lucas Bernard,5,1470.0,921.35,7350.0,3.0,220.5,7129.5,4606.75,2522.75,35.38
324,2024-03-15,Mediscope,Vision BI Suite,Software,Italy,Retail,Hugo Petit,5,1470.0,959.2,7350.0,5.0,367.5,6982.5,4796.0,2186.5,31.31
325,2024-07-03,BuildSmart,Smart Sensor X,Hardware,Italy,B2B,Chloe Moreau,4,395.14,247.14,1580.56,5.0,79.03,1501.53,988.56,512.97,34.16
326,2024-06-04,Nova Retail,Analytics Training,Service,Spain,B2B,Hugo Petit,3,1746.0,906.1,5238.0,5.0,261.9,4976.1,2718.3,2257.8,45.37
327,2024-11-29,Vision Partners,Vision BI Suite,Software,Spain,Retail,Chloe Moreau,12,1571.4,936.86,18856.8,0,0.0,18856.8,11242.32,7614.48,40.38
328,2024-03-31,Optimum Labs,Edge Gateway,Hardware,Spain,B2B,Leo Garnier,11,756.6,486.41,8322.6,5.0,416.13,7906.47,5350.51,2555.96,32.33
329,2024-05-04,Blue Horizon,Analytics Training,Service,Spain,Retail,Emma Dubois,1,1746.0,896.39,1746.0,7.0,122.22,1623.78,896.39,727.39,44.8
330,2024-10-06,Atlas Finance,DataBoard Pro,Software,Italy,B2B,Lucas Bernard,8,1176.0,682.25,9408.0,12.0,1128.96,8279.04,5458.0,2821.04,34.07
331,2024-12-20,Mediscope,Analytics Training,Service,Italy,Online,Leo Garnier,3,1905.12,900.19,5715.36,0,0.0,5715.36,2700.57,3014.79,52.75
332,2024-03-19,Core Systems,Analytics Training,Service,France,Retail,Chloe Moreau,4,1800.0,910.86,7200.0,7.0,504.0,6696.0,3643.44,3052.56,45.59
333,2024-09-16,Core Systems,DataBoard Pro,Software,Spain,B2B,Chloe Moreau,10,1164.0,716.14,11640.0,10.0,1164.0,10476.0,7161.4,3314.6,31.64
334,2024-02-25,AeroParts,Edge Gateway,Hardware,Germany,B2B,Chloe Moreau,1,811.2,487.0,811.2,7.0,56.78,754.42,487.0,267.42,35.45
335,2024-12-12,Optimum Labs,Edge Gateway,Hardware,Italy,Online,Alice Martin,2,825.55,458.97,1651.1,3.0,49.53,1601.57,917.94,683.63,42.68
336,2024-09-22,Mercury Works,Smart Sensor X,Hardware,Italy,Retail,Hugo Petit,8,411.6,258.59,3292.8,12.0,395.14,2897.66,2068.72,828.94,28.61
337,2024-12-19,Luna Tech,Vision BI Suite,Software,Spain,Online,Hugo Petit,2,1571.4,932.22,3142.8,3.0,94.28,3048.52,1864.44,1184.08,38.84
338,2024-02-13,Urban Mobility,Vision BI Suite,Software,Spain,Retail,Emma Dubois,8,1455.0,916.83,11640.0,12.0,1396.8,10243.2,7334.64,2908.56,28.4
339,2024-09-04,Hexa Group,Implementation Pack,Service,France,Retail,Leo Garnier,4,2500.0,1379.52,10000.0,3.0,300.0,9700.0,5518.08,4181.92,43.11
340,2024-01-23,Urban Mobility,DataBoard Pro,Software,Spain,B2B,Alice Martin,11,1164.0,675.34,12804.0,12.0,1536.48,11267.52,7428.74,3838.78,34.07
341,2024-05-04,Luna Tech,Vision BI Suite,Software,UK,Online,Emma Dubois,9,1590.0,972.14,14310.0,5.0,715.5,13594.5,8749.26,4845.24,35.64
342,2024-04-28,Optimum Labs,Vision BI Suite,Software,Germany,B2B,Leo Garnier,7,1560.0,903.75,10920.0,5.0,546.0,10374.0,6326.25,4047.75,39.02
343,2024-11-10,CityCommerce,Implementation Pack,Service,UK,Retail,Hugo Petit,1,2862.0,1396.06,2862.0,10.0,286.2,2575.8,1396.06,1179.74,45.8
344,2024-05-22,Mediscope,Insight Cloud,Software,UK,Online,Emma Dubois,6,954.0,528.63,5724.0,0,0.0,5724.0,3171.78,2552.22,44.59
345,2024-05-14,Prime Services,Edge Gateway,Hardware,UK,Retail,Chloe Moreau,7,826.8,455.0,5787.6,7.0,405.13,5382.47,3185.0,2197.47,40.83
346,2024-06-29,Nexa Industries,Vision BI Suite,Software,Spain,B2B,Chloe Moreau,2,1455.0,911.46,2910.0,10.0,291.0,2619.0,1822.92,796.08,30.4
347,2024-03-01,AeroParts,Smart Sensor Mini,Hardware,France,Online,Emma Dubois,12,260.0,153.13,3120.0,0,0.0,3120.0,1837.56,1282.44,41.1
348,2024-08-02,Vision Partners,Vision BI Suite,Software,UK,Retail,Hugo Petit,3,1526.4,948.37,4579.2,5.0,228.96,4350.24,2845.11,1505.13,34.6
349,2024-12-21,Atlas Finance,Vision BI Suite,Software,Italy,Retail,Lucas Bernard,3,1587.6,963.57,4762.8,3.0,142.88,4619.92,2890.71,1729.21,37.43
350,2024-11-13,TransLog Europe,Edge Gateway,Hardware,France,Retail,Lucas Bernard,4,842.4,464.93,3369.6,12.0,404.35,2965.25,1859.72,1105.53,37.28
351,2024-10-14,Luna Tech,Implementation Pack,Service,Italy,B2B,Hugo Petit,4,2450.0,1466.07,9800.0,10.0,980.0,8820.0,5864.28,2955.72,33.51
352,2024-09-07,Atlas Finance,Insight Cloud,Software,UK,Online,Lucas Bernard,5,954.0,521.03,4770.0,0,0.0,4770.0,2605.15,2164.85,45.38
353,2024-10-02,FoodWave,Vision BI Suite,Software,Italy,B2B,Leo Garnier,8,1470.0,939.2,11760.0,7.0,823.2,10936.8,7513.6,3423.2,31.3
354,2024-10-20,Urban Mobility,Smart Sensor Mini,Hardware,UK,Retail,Chloe Moreau,1,275.6,155.63,275.6,12.0,33.07,242.53,155.63,86.9,35.83
355,2024-10-06,CityCommerce,Analytics Training,Service,France,B2B,Leo Garnier,2,1800.0,944.99,3600.0,3.0,108.0,3492.0,1889.98,1602.02,45.88
356,2024-01-17,Nexa Industries,Smart Sensor Mini,Hardware,Spain,Online,Hugo Petit,2,252.2,156.74,504.4,12.0,60.53,443.87,313.48,130.39,29.38
357,2024-04-17,Delta Supply,Edge Gateway,Hardware,UK,B2B,Hugo Petit,3,826.8,455.92,2480.4,7.0,173.63,2306.77,1367.76,939.01,40.71
358,2024-04-15,CityCommerce,DataBoard Pro,Software,UK,Retail,Chloe Moreau,5,1272.0,695.71,6360.0,7.0,445.2,5914.8,3478.55,2436.25,41.19
359,2024-06-14,FoodWave,Smart Sensor Mini,Hardware,UK,Retail,Chloe Moreau,11,275.6,148.14,3031.6,12.0,363.79,2667.81,1629.54,1038.27,38.92
360,2024-07-29,TransLog Europe,Smart Sensor Mini,Hardware,Germany,B2B,Lucas Bernard,4,259.58,155.54,1038.32,0,0.0,1038.32,622.16,416.16,40.08
361,2024-05-06,Optimum Labs,Implementation Pack,Service,Germany,B2B,Leo Garnier,3,2600.0,1418.39,7800.0,10.0,780.0,7020.0,4255.17,2764.83,39.39
362,2024-08-19,Mediscope,Insight Cloud,Software,Italy,B2B,Leo Garnier,5,846.72,548.55,4233.6,10.0,423.36,3810.24,2742.75,1067.49,28.02
363,2024-07-07,Nexa Industries,Implementation Pack,Service,Spain,B2B,Alice Martin,1,2328.0,1480.88,2328.0,10.0,232.8,2095.2,1480.88,614.32,29.32
364,2024-11-21,Hexa Group,Insight Cloud,Software,UK,Retail,Lucas Bernard,7,1030.32,518.41,7212.24,12.0,865.47,6346.77,3628.87,2717.9,42.82
365,2024-05-17,Blue Horizon,Smart Sensor Mini,Hardware,Spain,B2B,Chloe Moreau,3,252.2,157.23,756.6,7.0,52.96,703.64,471.69,231.95,32.96
366,2024-06-24,TransLog Europe,DataBoard Pro,Software,France,B2B,Hugo Petit,1,1200.0,716.96,1200.0,0,0.0,1200.0,716.96,483.04,40.25
367,2024-03-21,Nexa Industries,Implementation Pack,Service,France,Retail,Lucas Bernard,2,2500.0,1405.81,5000.0,10.0,500.0,4500.0,2811.62,1688.38,37.52
368,2024-05-20,Mediscope,Edge Gateway,Hardware,Spain,Online,Emma Dubois,11,756.6,456.89,8322.6,10.0,832.26,7490.34,5025.79,2464.55,32.9
369,2024-07-21,FoodWave,Smart Sensor X,Hardware,Italy,B2B,Alice Martin,12,395.14,245.02,4741.68,0,0.0,4741.68,2940.24,1801.44,37.99
370,2024-09-01,Mediscope,Vision BI Suite,Software,UK,Online,Chloe Moreau,11,1590.0,902.28,17490.0,5.0,874.5,16615.5,9925.08,6690.42,40.27
371,2024-12-22,Blue Horizon,Insight Cloud,Software,Italy,B2B,Lucas Bernard,8,952.56,519.12,7620.48,0,0.0,7620.48,4152.96,3467.52,45.5
372,2024-02-15,Urban Mobility,Insight Cloud,Software,Spain,Retail,Emma Dubois,3,873.0,541.78,2619.0,5.0,130.95,2488.05,1625.34,862.71,34.67
373,2024-03-09,Green Energy Co,Insight Cloud,Software,UK,B2B,Alice Martin,10,954.0,516.43,9540.0,10.0,954.0,8586.0,5164.3,3421.7,39.85
374,2024-06-28,CityCommerce,Vision BI Suite,Software,Italy,B2B,Leo Garnier,8,1470.0,917.59,11760.0,12.0,1411.2,10348.8,7340.72,3008.08,29.07
375,2024-02-21,Green Energy Co,Insight Cloud,Software,UK,B2B,Hugo Petit,6,954.0,522.68,5724.0,5.0,286.2,5437.8,3136.08,2301.72,42.33
376,2024-03-12,AeroParts,Smart Sensor Mini,Hardware,France,Online,Chloe Moreau,10,260.0,155.65,2600.0,7.0,182.0,2418.0,1556.5,861.5,35.63
377,2024-05-25,Nova Retail,Smart Sensor Mini,Hardware,Germany,B2B,Chloe Moreau,9,270.4,155.97,2433.6,0,0.0,2433.6,1403.73,1029.87,42.32
378,2024-05-31,TransLog Europe,Smart Sensor X,Hardware,Italy,Retail,Alice Martin,4,411.6,257.76,1646.4,5.0,82.32,1564.08,1031.04,533.04,34.08
379,2024-02-06,Luna Tech,DataBoard Pro,Software,Spain,Retail,Lucas Bernard,7,1164.0,712.04,8148.0,12.0,977.76,7170.24,4984.28,2185.96,30.49
380,2024-08-03,Hexa Group,Vision BI Suite,Software,Italy,Online,Alice Martin,10,1411.2,902.62,14112.0,0,0.0,14112.0,9026.2,5085.8,36.04
381,2024-04-20,TransLog Europe,DataBoard Pro,Software,Italy,B2B,Emma Dubois,11,1176.0,693.66,12936.0,10.0,1293.6,11642.4,7630.26,4012.14,34.46
382,2024-07-31,Core Systems,Analytics Training,Service,France,B2B,Chloe Moreau,2,1728.0,888.02,3456.0,3.0,103.68,3352.32,1776.04,1576.28,47.02
383,2024-02-10,Luna Tech,Smart Sensor X,Hardware,Germany,B2B,Emma Dubois,7,436.8,257.69,3057.6,7.0,214.03,2843.57,1803.83,1039.74,36.56
384,2024-11-28,Mediscope,Smart Sensor Mini,Hardware,Italy,B2B,Lucas Bernard,1,275.18,148.03,275.18,0,0.0,275.18,148.03,127.15,46.21
385,2024-08-10,Urban Mobility,Implementation Pack,Service,UK,B2B,Alice Martin,3,2544.0,1455.07,7632.0,10.0,763.2,6868.8,4365.21,2503.59,36.45
386,2024-03-30,Urban Mobility,DataBoard Pro,Software,Germany,B2B,Alice Martin,3,1248.0,718.24,3744.0,5.0,187.2,3556.8,2154.72,1402.08,39.42
387,2024-09-24,Luna Tech,Smart Sensor Mini,Hardware,Germany,Retail,Lucas Bernard,12,270.4,157.48,3244.8,12.0,389.38,2855.42,1889.76,965.66,33.82
388,2024-03-01,Nova Retail,Edge Gateway,Hardware,Italy,Retail,Chloe Moreau,2,764.4,477.01,1528.8,3.0,45.86,1482.94,954.02,528.92,35.67
389,2024-10-22,Mediscope,Implementation Pack,Service,Italy,B2B,Emma Dubois,1,2450.0,1468.25,2450.0,5.0,122.5,2327.5,1468.25,859.25,36.92
390,2024-03-26,Hexa Group,Vision BI Suite,Software,Spain,Online,Chloe Moreau,11,1455.0,910.09,16005.0,10.0,1600.5,14404.5,10010.99,4393.51,30.5
391,2024-09-17,Nova Retail,DataBoard Pro,Software,France,Online,Alice Martin,8,1200.0,687.23,9600.0,3.0,288.0,9312.0,5497.84,3814.16,40.96
392,2024-03-17,Atlas Finance,DataBoard Pro,Software,UK,B2B,Leo Garnier,11,1272.0,678.61,13992.0,5.0,699.6,13292.4,7464.71,5827.69,43.84
393,2024-05-07,Core Systems,Edge Gateway,Hardware,Spain,Online,Chloe Moreau,6,756.6,469.28,4539.6,0,0.0,4539.6,2815.68,1723.92,37.98
394,2024-01-27,Atlas Finance,Smart Sensor X,Hardware,UK,Online,Hugo Petit,2,445.2,262.32,890.4,5.0,44.52,845.88,524.64,321.24,37.98
395,2024-06-08,Blue Horizon,Insight Cloud,Software,UK,Retail,Alice Martin,6,954.0,521.73,5724.0,0,0.0,5724.0,3130.38,2593.62,45.31
396,2024-06-04,Vision Partners,Smart Sensor X,Hardware,Italy,Retail,Chloe Moreau,8,411.6,260.52,3292.8,12.0,395.14,2897.66,2084.16,813.5,28.07
397,2024-10-06,AeroParts,Vision BI Suite,Software,France,Retail,Alice Martin,4,1500.0,927.1,6000.0,7.0,420.0,5580.0,3708.4,1871.6,33.54
398,2024-12-21,Nova Retail,Edge Gateway,Hardware,France,B2B,Hugo Petit,12,842.4,462.12,10108.8,10.0,1010.88,9097.92,5545.44,3552.48,39.05
399,2024-04-15,Luna Tech,Smart Sensor X,Hardware,Italy,Retail,Alice Martin,3,411.6,250.6,1234.8,10.0,123.48,1111.32,751.8,359.52,32.35
400,2024-01-23,AeroParts,Analytics Training,Service,Spain,Retail,Leo Garnier,1,1746.0,888.88,1746.0,7.0,122.22,1623.78,888.88,734.9,45.26
401,2024-03-09,Optimum Labs,Insight Cloud,Software,UK,B2B,Alice Martin,7,954.0,549.71,6678.0,10.0,667.8,6010.2,3847.97,2162.23,35.98
402,2024-05-01,FoodWave,Smart Sensor Mini,Hardware,Spain,Retail,Leo Garnier,12,252.2,150.82,3026.4,3.0,90.79,2935.61,1809.84,1125.77,38.35
403,2024-05-19,AeroParts,Insight Cloud,Software,Germany,Online,Chloe Moreau,2,936.0,514.0,1872.0,0,0.0,1872.0,1028.0,844.0,45.09
404,2024-08-18,Nexa Industries,Edge Gateway,Hardware,Italy,Online,Chloe Moreau,6,733.82,458.44,4402.92,12.0,528.35,3874.57,2750.64,1123.93,29.01
405,2024-06-06,Nexa Industries,Smart Sensor Mini,Hardware,France,Online,Lucas Bernard,11,260.0,156.92,2860.0,3.0,85.8,2774.2,1726.12,1048.08,37.78
406,2024-12-22,Vision Partners,DataBoard Pro,Software,Germany,Retail,Lucas Bernard,2,1347.84,679.9,2695.68,10.0,269.57,2426.11,1359.8,1066.31,43.95
407,2024-07-01,Optimum Labs,DataBoard Pro,Software,Spain,Retail,Lucas Bernard,1,1117.44,712.89,1117.44,5.0,55.87,1061.57,712.89,348.68,32.85
408,2024-10-11,Mercury Works,Smart Sensor X,Hardware,France,Retail,Alice Martin,3,420.0,245.24,1260.0,0,0.0,1260.0,735.72,524.28,41.61
409,2024-04-23,Green Energy Co,Smart Sensor X,Hardware,Italy,Retail,Leo Garnier,11,411.6,246.68,4527.6,10.0,452.76,4074.84,2713.48,1361.36,33.41
410,2024-10-27,BuildSmart,Insight Cloud,Software,France,Online,Lucas Bernard,11,900.0,543.27,9900.0,5.0,495.0,9405.0,5975.97,3429.03,36.46
411,2024-02-17,Blue Horizon,Insight Cloud,Software,France,Retail,Alice Martin,3,900.0,527.62,2700.0,7.0,189.0,2511.0,1582.86,928.14,36.96
412,2024-07-21,Prime Services,DataBoard Pro,Software,Italy,B2B,Hugo Petit,3,1128.96,678.08,3386.88,3.0,101.61,3285.27,2034.24,1251.03,38.08
413,2024-04-05,BuildSmart,Smart Sensor Mini,Hardware,Italy,Online,Alice Martin,10,254.8,154.4,2548.0,7.0,178.36,2369.64,1544.0,825.64,34.84
414,2024-11-27,FoodWave,Implementation Pack,Service,Italy,B2B,Hugo Petit,1,2646.0,1403.33,2646.0,0,0.0,2646.0,1403.33,1242.67,46.96
415,2024-03-11,Core Systems,Smart Sensor X,Hardware,UK,Online,Leo Garnier,9,445.2,245.39,4006.8,12.0,480.82,3525.98,2208.51,1317.47,37.36
416,2024-07-14,Hexa Group,Implementation Pack,Service,UK,Retail,Emma Dubois,3,2544.0,1402.29,7632.0,5.0,381.6,7250.4,4206.87,3043.53,41.98
417,2024-01-14,Blue Horizon,Smart Sensor X,Hardware,France,Retail,Alice Martin,8,420.0,252.15,3360.0,7.0,235.2,3124.8,2017.2,1107.6,35.45
418,2024-10-26,AeroParts,Vision BI Suite,Software,France,Online,Leo Garnier,4,1500.0,940.88,6000.0,3.0,180.0,5820.0,3763.52,2056.48,35.33
419,2024-01-29,AeroParts,Analytics Training,Service,Spain,Online,Lucas Bernard,2,1746.0,904.9,3492.0,7.0,244.44,3247.56,1809.8,1437.76,44.27
420,2024-12-23,Hexa Group,DataBoard Pro,Software,Spain,B2B,Chloe Moreau,3,1257.12,717.99,3771.36,7.0,264.0,3507.36,2153.97,1353.39,38.59
421,2024-09-09,Mercury Works,Smart Sensor Mini,Hardware,Germany,Retail,Alice Martin,2,270.4,149.79,540.8,0,0.0,540.8,299.58,241.22,44.6
422,2024-04-22,Nova Retail,Implementation Pack,Service,France,Retail,Chloe Moreau,2,2500.0,1386.61,5000.0,12.0,600.0,4400.0,2773.22,1626.78,36.97
423,2024-03-31,Blue Horizon,DataBoard Pro,Software,France,Online,Chloe Moreau,12,1200.0,708.53,14400.0,0,0.0,14400.0,8502.36,5897.64,40.96
424,2024-09-26,Hexa Group,Insight Cloud,Software,Spain,B2B,Leo Garnier,7,873.0,513.8,6111.0,7.0,427.77,5683.23,3596.6,2086.63,36.72
425,2024-06-03,Blue Horizon,Vision BI Suite,Software,Germany,B2B,Hugo Petit,11,1560.0,949.38,17160.0,5.0,858.0,16302.0,10443.18,5858.82,35.94
426,2024-03-30,Mercury Works,Edge Gateway,Hardware,Germany,B2B,Chloe Moreau,3,811.2,462.09,2433.6,5.0,121.68,2311.92,1386.27,925.65,40.04
427,2024-12-18,FoodWave,Vision BI Suite,Software,Germany,B2B,Alice Martin,12,1684.8,930.42,20217.6,7.0,1415.23,18802.37,11165.04,7637.33,40.62
428,2024-10-17,TransLog Europe,Vision BI Suite,Software,UK,Retail,Chloe Moreau,4,1590.0,943.22,6360.0,10.0,636.0,5724.0,3772.88,1951.12,34.09
429,2024-09-11,Green Energy Co,Edge Gateway,Hardware,France,Online,Emma Dubois,6,780.0,474.21,4680.0,0,0.0,4680.0,2845.26,1834.74,39.2
430,2024-02-15,Blue Horizon,Implementation Pack,Service,France,Retail,Lucas Bernard,2,2500.0,1379.59,5000.0,10.0,500.0,4500.0,2759.18,1740.82,38.68
431,2024-05-11,Urban Mobility,DataBoard Pro,Software,France,Retail,Hugo Petit,12,1200.0,719.12,14400.0,5.0,720.0,13680.0,8629.44,5050.56,36.92
432,2024-07-30,Prime Services,Analytics Training,Service,Spain,B2B,Hugo Petit,1,1676.16,916.52,1676.16,12.0,201.14,1475.02,916.52,558.5,37.86
433,2024-10-22,AeroParts,Vision BI Suite,Software,Italy,Online,Alice Martin,5,1470.0,925.06,7350.0,0,0.0,7350.0,4625.3,2724.7,37.07
434,2024-02-23,Mediscope,Edge Gateway,Hardware,Germany,Retail,Lucas Bernard,12,811.2,470.93,9734.4,0,0.0,9734.4,5651.16,4083.24,41.95
435,2024-02-17,Blue Horizon,Implementation Pack,Service,France,Retail,Leo Garnier,2,2500.0,1471.65,5000.0,7.0,350.0,4650.0,2943.3,1706.7,36.7
436,2024-03-21,TransLog Europe,Insight Cloud,Software,Spain,Online,Lucas Bernard,7,873.0,532.65,6111.0,10.0,611.1,5499.9,3728.55,1771.35,32.21
437,2024-10-03,BuildSmart,Smart Sensor Mini,Hardware,Spain,Online,Alice Martin,1,252.2,153.86,252.2,5.0,12.61,239.59,153.86,85.73,35.78
438,2024-09-08,Green Energy Co,DataBoard Pro,Software,Spain,Online,Hugo Petit,2,1164.0,711.22,2328.0,3.0,69.84,2258.16,1422.44,835.72,37.01
439,2024-11-16,Vision Partners,Implementation Pack,Service,Germany,Online,Alice Martin,2,2808.0,1443.48,5616.0,0,0.0,5616.0,2886.96,2729.04,48.59
440,2024-02-11,Prime Services,Insight Cloud,Software,Spain,Retail,Hugo Petit,8,873.0,520.62,6984.0,10.0,698.4,6285.6,4164.96,2120.64,33.74
441,2024-11-24,Mercury Works,Analytics Training,Service,Germany,Retail,Hugo Petit,3,2021.76,914.1,6065.28,0,0.0,6065.28,2742.3,3322.98,54.79
442,2024-05-14,Nexa Industries,Implementation Pack,Service,Spain,Online,Emma Dubois,1,2425.0,1456.25,2425.0,0,0.0,2425.0,1456.25,968.75,39.95
443,2024-12-07,Urban Mobility,Insight Cloud,Software,Spain,B2B,Hugo Petit,10,942.84,532.63,9428.4,0,0.0,9428.4,5326.3,4102.1,43.51
444,2024-07-17,Luna Tech,Analytics Training,Service,UK,B2B,Hugo Petit,2,1831.68,903.52,3663.36,5.0,183.17,3480.19,1807.04,1673.15,48.08
445,2024-07-21,TransLog Europe,Vision BI Suite,Software,France,Retail,Lucas Bernard,3,1440.0,961.1,4320.0,0,0.0,4320.0,2883.3,1436.7,33.26
446,2024-03-05,TransLog Europe,Analytics Training,Service,France,B2B,Hugo Petit,2,1800.0,927.16,3600.0,12.0,432.0,3168.0,1854.32,1313.68,41.47
447,2024-10-31,BuildSmart,Edge Gateway,Hardware,France,Online,Hugo Petit,9,780.0,471.12,7020.0,5.0,351.0,6669.0,4240.08,2428.92,36.42
448,2024-05-21,Luna Tech,Implementation Pack,Service,France,B2B,Chloe Moreau,4,2500.0,1418.42,10000.0,0,0.0,10000.0,5673.68,4326.32,43.26
449,2024-03-16,Delta Supply,Insight Cloud,Software,France,B2B,Alice Martin,5,900.0,531.88,4500.0,12.0,540.0,3960.0,2659.4,1300.6,32.84
450,2024-06-25,Core Systems,Smart Sensor Mini,Hardware,Italy,B2B,Hugo Petit,10,254.8,152.68,2548.0,7.0,178.36,2369.64,1526.8,842.84,35.57
451,2024-03-29,BuildSmart,Analytics Training,Service,Germany,B2B,Chloe Moreau,4,1872.0,910.5,7488.0,0,0.0,7488.0,3642.0,3846.0,51.36
452,2024-06-18,AeroParts,DataBoard Pro,Software,Italy,Retail,Emma Dubois,1,1176.0,710.87,1176.0,3.0,35.28,1140.72,710.87,429.85,37.68
453,2024-06-04,FoodWave,Smart Sensor Mini,Hardware,Italy,B2B,Leo Garnier,2,254.8,149.74,509.6,12.0,61.15,448.45,299.48,148.97,33.22
454,2024-06-02,Nexa Industries,Edge Gateway,Hardware,Spain,B2B,Hugo Petit,10,756.6,454.09,7566.0,10.0,756.6,6809.4,4540.9,2268.5,33.31
455,2024-08-14,CityCommerce,Analytics Training,Service,Italy,B2B,Emma Dubois,1,1693.44,938.99,1693.44,7.0,118.54,1574.9,938.99,635.91,40.38
456,2024-02-03,FoodWave,Analytics Training,Service,Germany,B2B,Chloe Moreau,1,1872.0,895.88,1872.0,0,0.0,1872.0,895.88,976.12,52.14
457,2024-04-12,TransLog Europe,Smart Sensor X,Hardware,France,Retail,Alice Martin,6,420.0,248.98,2520.0,10.0,252.0,2268.0,1493.88,774.12,34.13
458,2024-07-07,Nexa Industries,Analytics Training,Service,France,B2B,Alice Martin,2,1728.0,917.19,3456.0,3.0,103.68,3352.32,1834.38,1517.94,45.28
459,2024-08-16,Atlas Finance,Implementation Pack,Service,UK,B2B,Emma Dubois,3,2544.0,1465.82,7632.0,0,0.0,7632.0,4397.46,3234.54,42.38
460,2024-05-12,Mediscope,Smart Sensor Mini,Hardware,France,Retail,Alice Martin,3,260.0,153.87,780.0,12.0,93.6,686.4,461.61,224.79,32.75
461,2024-04-19,AeroParts,Smart Sensor X,Hardware,Germany,Retail,Leo Garnier,7,436.8,245.4,3057.6,7.0,214.03,2843.57,1717.8,1125.77,39.59
462,2024-12-15,Nova Retail,Implementation Pack,Service,Germany,B2B,Lucas Bernard,1,2808.0,1400.27,2808.0,0,0.0,2808.0,1400.27,1407.73,50.13
463,2024-06-05,BuildSmart,Analytics Training,Service,Italy,Retail,Hugo Petit,3,1764.0,915.6,5292.0,0,0.0,5292.0,2746.8,2545.2,48.1
464,2024-12-12,Luna Tech,Analytics Training,Service,UK,Online,Alice Martin,3,2060.64,928.61,6181.92,7.0,432.73,5749.19,2785.83,2963.36,51.54
465,2024-11-07,FoodWave,Smart Sensor Mini,Hardware,France,Retail,Alice Martin,6,280.8,154.69,1684.8,3.0,50.54,1634.26,928.14,706.12,43.21
466,2024-05-21,BuildSmart,Smart Sensor Mini,Hardware,Germany,Online,Chloe Moreau,4,270.4,156.67,1081.6,0,0.0,1081.6,626.68,454.92,42.06
467,2024-11-03,Optimum Labs,Edge Gateway,Hardware,Germany,B2B,Alice Martin,11,876.1,487.51,9637.1,5.0,481.86,9155.24,5362.61,3792.63,41.43
468,2024-05-12,Core Systems,Analytics Training,Service,Italy,B2B,Alice Martin,2,1764.0,934.31,3528.0,3.0,105.84,3422.16,1868.62,1553.54,45.4
469,2024-04-23,Mercury Works,Implementation Pack,Service,Spain,B2B,Emma Dubois,2,2425.0,1445.65,4850.0,12.0,582.0,4268.0,2891.3,1376.7,32.26
470,2024-10-12,Atlas Finance,Smart Sensor Mini,Hardware,France,Retail,Lucas Bernard,12,260.0,155.7,3120.0,3.0,93.6,3026.4,1868.4,1158.0,38.26
471,2024-10-13,Atlas Finance,Edge Gateway,Hardware,France,Online,Emma Dubois,4,780.0,482.87,3120.0,10.0,312.0,2808.0,1931.48,876.52,31.22
472,2024-08-03,Blue Horizon,Edge Gateway,Hardware,Spain,B2B,Emma Dubois,8,726.34,455.13,5810.72,12.0,697.29,5113.43,3641.04,1472.39,28.79
473,2024-01-28,Delta Supply,Insight Cloud,Software,Italy,Online,Chloe Moreau,2,882.0,537.92,1764.0,12.0,211.68,1552.32,1075.84,476.48,30.69
474,2024-09-28,FoodWave,Analytics Training,Service,France,Online,Lucas Bernard,2,1800.0,911.46,3600.0,3.0,108.0,3492.0,1822.92,1669.08,47.8
475,2024-10-18,Nexa Industries,Vision BI Suite,Software,Spain,B2B,Lucas Bernard,2,1455.0,926.08,2910.0,5.0,145.5,2764.5,1852.16,912.34,33.0
476,2024-03-31,Blue Horizon,DataBoard Pro,Software,France,Retail,Emma Dubois,4,1200.0,708.48,4800.0,12.0,576.0,4224.0,2833.92,1390.08,32.91
477,2024-10-22,Atlas Finance,Implementation Pack,Service,France,Online,Chloe Moreau,4,2500.0,1420.09,10000.0,10.0,1000.0,9000.0,5680.36,3319.64,36.88
478,2024-08-07,Prime Services,Analytics Training,Service,France,Online,Chloe Moreau,2,1728.0,908.86,3456.0,10.0,345.6,3110.4,1817.72,1292.68,41.56
479,2024-01-08,Blue Horizon,Smart Sensor X,Hardware,France,B2B,Alice Martin,11,420.0,249.98,4620.0,10.0,462.0,4158.0,2749.78,1408.22,33.87
480,2024-12-21,Hexa Group,Smart Sensor Mini,Hardware,Germany,Online,Hugo Petit,9,292.03,150.67,2628.27,7.0,183.98,2444.29,1356.03,1088.26,44.52
481,2024-02-03,TransLog Europe,Smart Sensor Mini,Hardware,Spain,Retail,Leo Garnier,9,252.2,153.29,2269.8,7.0,158.89,2110.91,1379.61,731.3,34.64
482,2024-08-10,Green Energy Co,Edge Gateway,Hardware,Italy,Retail,Lucas Bernard,3,733.82,465.64,2201.46,12.0,264.18,1937.28,1396.92,540.36,27.89
483,2024-04-26,AeroParts,Vision BI Suite,Software,Germany,B2B,Alice Martin,10,1560.0,914.04,15600.0,7.0,1092.0,14508.0,9140.4,5367.6,37.0
484,2024-07-06,TransLog Europe,Analytics Training,Service,Spain,B2B,Chloe Moreau,1,1676.16,953.62,1676.16,7.0,117.33,1558.83,953.62,605.21,38.82
485,2024-12-04,Urban Mobility,DataBoard Pro,Software,France,B2B,Alice Martin,7,1296.0,687.09,9072.0,5.0,453.6,8618.4,4809.63,3808.77,44.19
486,2024-10-07,BuildSmart,Implementation Pack,Service,Germany,Online,Leo Garnier,1,2600.0,1419.14,2600.0,3.0,78.0,2522.0,1419.14,1102.86,43.73
487,2024-02-21,Luna Tech,Smart Sensor Mini,Hardware,UK,B2B,Leo Garnier,3,275.6,156.97,826.8,5.0,41.34,785.46,470.91,314.55,40.05
488,2024-02-23,Luna Tech,Insight Cloud,Software,Spain,Online,Alice Martin,8,873.0,534.93,6984.0,0,0.0,6984.0,4279.44,2704.56,38.73
489,2024-05-14,Luna Tech,Smart Sensor X,Hardware,Spain,B2B,Hugo Petit,5,407.4,245.79,2037.0,0,0.0,2037.0,1228.95,808.05,39.67
490,2024-09-11,CityCommerce,Implementation Pack,Service,Spain,Online,Alice Martin,1,2425.0,1381.97,2425.0,10.0,242.5,2182.5,1381.97,800.53,36.68
491,2024-02-26,Delta Supply,Implementation Pack,Service,Germany,Online,Chloe Moreau,1,2600.0,1453.04,2600.0,10.0,260.0,2340.0,1453.04,886.96,37.9
492,2024-05-11,AeroParts,Implementation Pack,Service,Spain,Retail,Hugo Petit,1,2425.0,1463.08,2425.0,0,0.0,2425.0,1463.08,961.92,39.67
493,2024-01-21,FoodWave,Edge Gateway,Hardware,Spain,Retail,Leo Garnier,2,756.6,482.13,1513.2,0,0.0,1513.2,964.26,548.94,36.28
494,2024-01-24,Nova Retail,Vision BI Suite,Software,Germany,Retail,Emma Dubois,8,1560.0,921.35,12480.0,7.0,873.6,11606.4,7370.8,4235.6,36.49
495,2024-02-17,Hexa Group,Edge Gateway,Hardware,Germany,Online,Hugo Petit,7,811.2,460.8,5678.4,5.0,283.92,5394.48,3225.6,2168.88,40.21
496,2024-07-16,Prime Services,Analytics Training,Service,Germany,Online,Lucas Bernard,1,1797.12,893.48,1797.12,12.0,215.65,1581.47,893.48,687.99,43.5
497,2024-08-01,Delta Supply,Implementation Pack,Service,UK,B2B,Hugo Petit,2,2544.0,1414.53,5088.0,7.0,356.16,4731.84,2829.06,1902.78,40.21
498,2024-07-02,Vision Partners,DataBoard Pro,Software,Germany,Retail,Hugo Petit,2,1198.08,690.37,2396.16,5.0,119.81,2276.35,1380.74,895.61,39.34
499,2024-02-02,BuildSmart,Edge Gateway,Hardware,France,B2B,Leo Garnier,9,780.0,478.17,7020.0,12.0,842.4,6177.6,4303.53,1874.07,30.34
500,2024-10-16,AeroParts,Edge Gateway,Hardware,UK,B2B,Leo Garnier,12,826.8,454.3,9921.6,7.0,694.51,9227.09,5451.6,3775.49,40.92
